Filename,Date,Time,Img
pondeli_01_kontrola01_dmso_mys01_bricho_00h_2020-09-07_09-25-49-MWL-Ex(750)-Em(830)_Frgrnd,09/07/2020,09:26:47,Frgrnd
pondeli_01_kontrola01_dmso_mys01_l_bok_00h_2020-09-07_09-28-00-MWL-Ex(750)-Em(830)_Frgrnd,09/07/2020,09:29:00,Frgrnd
pondeli_01_kontrola01_dmso_mys01_p_bok_00h_2020-09-07_09-23-16-MWL-Ex(750)-Em(830)_Frgrnd,09/07/2020,09:24:40,Frgrnd
pondeli_01_kontrola01_dmso_mys02_bricho_00h_2020-09-07_09-55-26-MWL-Ex(750)-Em(830)_Frgrnd,09/07/2020,09:56:50,Frgrnd
pondeli_01_kontrola01_dmso_mys02_l_bok_00h_2020-09-07_10-00-32-MWL-Ex(750)-Em(830)_Frgrnd,09/07/2020,10:01:30,Frgrnd
pondeli_01_kontrola01_dmso_mys02_p_bok_00h_2020-09-07_09-58-06-MWL-Ex(750)-Em(830)_Frgrnd,09/07/2020,09:59:04,Frgrnd
pondeli_01_kontrola01_dmso_mys03_bricho_00h_2020-09-07_10-17-22-MWL-Ex(750)-Em(830)_Frgrnd,09/07/2020,10:18:21,Frgrnd
pondeli_01_kontrola01_dmso_mys03_bricho_00h_2020-09-07_10-19-09-MWL-Ex(750)-Em(830)_Frgrnd,09/07/2020,10:20:08,Frgrnd
pondeli_01_kontrola01_dmso_mys03_l_bok_00h_2020-09-07_10-24-16-MWL-Ex(750)-Em(830)_Frgrnd,09/07/2020,10:25:15,Frgrnd
pondeli_01_kontrola01_dmso_mys03_p_bok_00h_2020-09-07_10-21-36-MWL-Ex(750)-Em(830)_Frgrnd,09/07/2020,10:22:34,Frgrnd
pondeli_01_kontrola01_dmso_vsechny_bricho_d150_2021-02-09_13-42-12-MWL-Ex(750)-Em(830)_Frgrnd,02/09/2021,13:44:07,Frgrnd
pondeli_01_kontrola01_dmso_vsechny_bricho_d245_2021-05-12_13-21-32-MWL-Ex(750)-Em(830)_Frgrnd,05/12/2021,13:23:00,Frgrnd
pondeli_01_kontrola01_dmso_vsechny_l_bok_d150_2021-02-09_13-51-56-MWL-Ex(750)-Em(830)_Frgrnd,02/09/2021,13:53:25,Frgrnd
pondeli_01_kontrola01_dmso_vsechny_l_bok_d245_2021-05-12_13-27-34-MWL-Ex(750)-Em(830)_Frgrnd,05/12/2021,13:29:03,Frgrnd
pondeli_01_kontrola01_dmso_vsechny_p_bok_05h_2020-09-07_19-56-48-MWL-Ex(750)-Em(830)_Frgrnd,09/07/2020,19:58:17,Frgrnd
pondeli_01_kontrola01_dmso_vsechny_p_bok_48h_2020-09-09_15-53-06-MWL-Ex(750)-Em(830)_Frgrnd,09/09/2020,15:54:34,Frgrnd
pondeli_01_kontrola01_dmso_vsechny_p_bok_72h_2020-09-10_09-58-42-MWL-Ex(750)-Em(830)_Frgrnd,09/10/2020,10:00:11,Frgrnd
pondeli_01_kontrola01_dmso_vsechny_p_bok_d120_2021-01-14_12-58-18-MWL-Ex(750)-Em(830)_Frgrnd,01/14/2021,13:00:13,Frgrnd
pondeli_01_kontrola01_dmso_vsechny_p_bok_d150_2021-02-09_13-47-01-MWL-Ex(750)-Em(830)_Frgrnd,02/09/2021,13:48:29,Frgrnd
pondeli_01_kontrola01_dmso_vsechny_p_bok_d15_2020-09-22_09-03-12-MWL-Ex(750)-Em(830)_Frgrnd,09/22/2020,09:05:06,Frgrnd
pondeli_01_kontrola01_dmso_vsechny_p_bok_d180_2021-03-11_13-59-32-MWL-Ex(750)-Em(830)_Frgrnd,03/11/2021,14:00:45,Frgrnd
pondeli_01_kontrola01_dmso_vsechny_p_bok_d245_2021-05-12_13-24-47-MWL-Ex(750)-Em(830)_Frgrnd,05/12/2021,13:26:15,Frgrnd
pondeli_01_kontrola01_dmso_vsechny_p_bok_d28_2020-10-05_11-27-01-MWL-Ex(750)-Em(830)_Frgrnd,10/05/2020,11:28:56,Frgrnd
pondeli_01_kontrola01_dmso_vsechny_p_bok_d57_2020-11-05_09-36-37-MWL-Ex(750)-Em(830)_Frgrnd,11/05/2020,09:38:05,Frgrnd
pondeli_01_kontrola01_dmso_vsechny_p_bok_d70_2020-11-16_20-22-04-MWL-Ex(750)-Em(830)_Frgrnd,11/16/2020,20:23:32,Frgrnd
pondeli_01_kontrola01_dmso_vsechny_p_bok_d85_2020-12-01_12-23-22-MWL-Ex(750)-Em(830)_Frgrnd,12/01/2020,12:25:16,Frgrnd
pondeli_02_i1_polymer_mys01_bricho_00h_2020-09-07_11-00-55-MWL-Ex(750)-Em(830)_Frgrnd,09/07/2020,11:02:24,Frgrnd
pondeli_02_i1_polymer_mys01_bricho_05h_2020-09-07_15-54-48-MWL-Ex(750)-Em(830)_Frgrnd,09/07/2020,15:56:07,Frgrnd
pondeli_02_i1_polymer_mys01_bricho_24h_2020-09-08_10-57-54-MWL-Ex(750)-Em(830)_Frgrnd,09/08/2020,10:59:22,Frgrnd
pondeli_02_i1_polymer_mys01_l_bok_00h_2020-09-07_11-03-56-MWL-Ex(750)-Em(830)_Frgrnd,09/07/2020,11:05:25,Frgrnd
pondeli_02_i1_polymer_mys01_l_bok_05h_2020-09-07_15-57-38-MWL-Ex(750)-Em(830)_Frgrnd,09/07/2020,15:58:58,Frgrnd
pondeli_02_i1_polymer_mys01_l_bok_24h_2020-09-08_11-01-06-MWL-Ex(750)-Em(830)_Frgrnd,09/08/2020,11:02:35,Frgrnd
pondeli_02_i1_polymer_mys01_p_bok_00h_2020-09-07_11-07-26-MWL-Ex(750)-Em(830)_Frgrnd,09/07/2020,11:08:55,Frgrnd
pondeli_02_i1_polymer_mys01_p_bok_00h_2020-09-07_11-12-41-MWL-Ex(750)-Em(830)_Frgrnd,09/07/2020,11:14:09,Frgrnd
pondeli_02_i1_polymer_mys01_p_bok_05h_2020-09-07_15-49-13-MWL-Ex(750)-Em(830)_Frgrnd,09/07/2020,15:50:33,Frgrnd
pondeli_02_i1_polymer_mys01_p_bok_05h_2020-09-07_15-51-59-MWL-Ex(750)-Em(830)_Frgrnd,09/07/2020,15:53:19,Frgrnd
pondeli_02_i1_polymer_mys01_p_bok_24h_2020-09-08_11-04-36-MWL-Ex(750)-Em(830)_Frgrnd,09/08/2020,11:06:04,Frgrnd
pondeli_02_i1_polymer_mys01_p_bok_24h_2020-09-08_11-07-39-MWL-Ex(750)-Em(830)_Frgrnd,09/08/2020,11:09:08,Frgrnd
pondeli_02_i1_polymer_mys02_bricho_00h_2020-09-07_11-30-48-MWL-Ex(750)-Em(830)_Frgrnd,09/07/2020,11:32:02,Frgrnd
pondeli_02_i1_polymer_mys02_bricho_05h_2020-09-07_16-41-49-MWL-Ex(750)-Em(830)_Frgrnd,09/07/2020,16:43:09,Frgrnd
pondeli_02_i1_polymer_mys02_bricho_24h_2020-09-08_11-38-30-MWL-Ex(750)-Em(830)_Frgrnd,09/08/2020,11:39:59,Frgrnd
pondeli_02_i1_polymer_mys02_l_bok_00h_2020-09-07_11-33-19-MWL-Ex(750)-Em(830)_Frgrnd,09/07/2020,11:34:48,Frgrnd
pondeli_02_i1_polymer_mys02_l_bok_05h_2020-09-07_16-44-19-MWL-Ex(750)-Em(830)_Frgrnd,09/07/2020,16:45:38,Frgrnd
pondeli_02_i1_polymer_mys02_l_bok_24h_2020-09-08_11-41-34-MWL-Ex(750)-Em(830)_Frgrnd,09/08/2020,11:43:02,Frgrnd
pondeli_02_i1_polymer_mys02_p_bok_00h_2020-09-07_11-37-38-MWL-Ex(750)-Em(830)_Frgrnd,09/07/2020,11:39:06,Frgrnd
pondeli_02_i1_polymer_mys02_p_bok_00h_2020-09-07_11-40-30-MWL-Ex(750)-Em(830)_Frgrnd,09/07/2020,11:41:59,Frgrnd
pondeli_02_i1_polymer_mys02_p_bok_05h_2020-09-07_16-30-16-MWL-Ex(750)-Em(830)_Frgrnd,09/07/2020,16:32:10,Frgrnd
pondeli_02_i1_polymer_mys02_p_bok_05h_2020-09-07_16-39-06-MWL-Ex(750)-Em(830)_Frgrnd,09/07/2020,16:40:25,Frgrnd
pondeli_02_i1_polymer_mys02_p_bok_24h_2020-09-08_11-46-33-MWL-Ex(750)-Em(830)_Frgrnd,09/08/2020,11:48:01,Frgrnd
pondeli_02_i1_polymer_mys02_p_bok_24h_2020-09-08_11-50-04-MWL-Ex(750)-Em(830)_Frgrnd,09/08/2020,11:51:32,Frgrnd
pondeli_02_i1_polymer_mys03_bricho_00h_2020-09-07_11-56-38-MWL-Ex(750)-Em(830)_Frgrnd,09/07/2020,11:57:58,Frgrnd
pondeli_02_i1_polymer_mys03_bricho_05h_2020-09-07_17-10-25-MWL-Ex(750)-Em(830)_Frgrnd,09/07/2020,17:11:44,Frgrnd
pondeli_02_i1_polymer_mys03_bricho_24h_2020-09-08_12-18-23-MWL-Ex(750)-Em(830)_Frgrnd,09/08/2020,12:19:47,Frgrnd
pondeli_02_i1_polymer_mys03_l_bok_00h_2020-09-07_11-59-14-MWL-Ex(750)-Em(830)_Frgrnd,09/07/2020,12:00:43,Frgrnd
pondeli_02_i1_polymer_mys03_l_bok_05h_2020-09-07_17-12-59-MWL-Ex(750)-Em(830)_Frgrnd,09/07/2020,17:14:18,Frgrnd
pondeli_02_i1_polymer_mys03_l_bok_24h_2020-09-08_12-21-16-MWL-Ex(750)-Em(830)_Frgrnd,09/08/2020,12:22:44,Frgrnd
pondeli_02_i1_polymer_mys03_p_bok_00h_2020-09-07_12-02-14-MWL-Ex(750)-Em(830)_Frgrnd,09/07/2020,12:03:43,Frgrnd
pondeli_02_i1_polymer_mys03_p_bok_00h_2020-09-07_12-05-21-MWL-Ex(750)-Em(830)_Frgrnd,09/07/2020,12:06:49,Frgrnd
pondeli_02_i1_polymer_mys03_p_bok_05h_2020-09-07_17-04-23-MWL-Ex(750)-Em(830)_Frgrnd,09/07/2020,17:05:42,Frgrnd
pondeli_02_i1_polymer_mys03_p_bok_05h_2020-09-07_17-07-02-MWL-Ex(750)-Em(830)_Frgrnd,09/07/2020,17:08:21,Frgrnd
pondeli_02_i1_polymer_mys03_p_bok_24h_2020-09-08_12-27-28-MWL-Ex(750)-Em(830)_Frgrnd,09/08/2020,12:28:56,Frgrnd
pondeli_02_i1_polymer_mys03_p_bok_24h_2020-09-08_12-30-55-MWL-Ex(750)-Em(830)_Frgrnd,09/08/2020,12:32:23,Frgrnd
pondeli_02_i1_polymer_vsechny_bricho_48h_2020-09-09_11-24-20-MWL-Ex(750)-Em(830)_Frgrnd,09/09/2020,11:25:49,Frgrnd
pondeli_02_i1_polymer_vsechny_bricho_72h_2020-09-10_11-08-54-MWL-Ex(750)-Em(830)_Frgrnd,09/10/2020,11:10:22,Frgrnd
pondeli_02_i1_polymer_vsechny_bricho_d07_2020-09-14_15-22-59-MWL-Ex(750)-Em(830)_Frgrnd,09/14/2020,15:24:53,Frgrnd
pondeli_02_i1_polymer_vsechny_bricho_d120_2021-01-08_11-14-32-MWL-Ex(750)-Em(830)_Frgrnd,01/08/2021,11:15:59,Frgrnd
pondeli_02_i1_polymer_vsechny_bricho_d150_2021-02-04_09-53-38-MWL-Ex(750)-Em(830)_Frgrnd,02/04/2021,09:55:32,Frgrnd
pondeli_02_i1_polymer_vsechny_bricho_d15_2020-09-22_09-27-35-MWL-Ex(750)-Em(830)_Frgrnd,09/22/2020,09:29:30,Frgrnd
pondeli_02_i1_polymer_vsechny_bricho_d180_2021-03-09_13-07-34-MWL-Ex(750)-Em(830)_Frgrnd,03/09/2021,13:09:28,Frgrnd
pondeli_02_i1_polymer_vsechny_bricho_d245_2021-05-12_13-52-51-MWL-Ex(750)-Em(830)_Frgrnd,05/12/2021,13:54:45,Frgrnd
pondeli_02_i1_polymer_vsechny_bricho_d29_2020-10-06_08-37-08-MWL-Ex(750)-Em(830)_Frgrnd,10/06/2020,08:39:02,Frgrnd
pondeli_02_i1_polymer_vsechny_bricho_d57_2020-11-03_11-08-28-MWL-Ex(750)-Em(830)_Frgrnd,11/03/2020,11:10:22,Frgrnd
pondeli_02_i1_polymer_vsechny_bricho_d70_2020-11-16_14-46-49-MWL-Ex(750)-Em(830)_Frgrnd,11/16/2020,14:48:44,Frgrnd
pondeli_02_i1_polymer_vsechny_bricho_d85_2020-12-02_10-50-01-MWL-Ex(750)-Em(830)_Frgrnd,12/02/2020,10:51:29,Frgrnd
pondeli_02_i1_polymer_vsechny_l_bok_48h_2020-09-09_11-27-21-MWL-Ex(750)-Em(830)_Frgrnd,09/09/2020,11:28:49,Frgrnd
pondeli_02_i1_polymer_vsechny_l_bok_72h_2020-09-10_11-11-53-MWL-Ex(750)-Em(830)_Frgrnd,09/10/2020,11:13:21,Frgrnd
pondeli_02_i1_polymer_vsechny_l_bok_d07_2020-09-14_15-27-03-MWL-Ex(750)-Em(830)_Frgrnd,09/14/2020,15:28:33,Frgrnd
pondeli_02_i1_polymer_vsechny_l_bok_d120_2021-01-08_11-21-35-MWL-Ex(750)-Em(830)_Frgrnd,01/08/2021,11:23:02,Frgrnd
pondeli_02_i1_polymer_vsechny_l_bok_d150_2021-02-04_09-58-35-MWL-Ex(750)-Em(830)_Frgrnd,02/04/2021,10:00:03,Frgrnd
pondeli_02_i1_polymer_vsechny_l_bok_d15_2020-09-22_09-31-24-MWL-Ex(750)-Em(830)_Frgrnd,09/22/2020,09:32:53,Frgrnd
pondeli_02_i1_polymer_vsechny_l_bok_d180_2021-03-09_13-11-36-MWL-Ex(750)-Em(830)_Frgrnd,03/09/2021,13:13:05,Frgrnd
pondeli_02_i1_polymer_vsechny_l_bok_d245_2021-05-12_13-56-47-MWL-Ex(750)-Em(830)_Frgrnd,05/12/2021,13:58:15,Frgrnd
pondeli_02_i1_polymer_vsechny_l_bok_d29_2020-10-06_08-40-45-MWL-Ex(750)-Em(830)_Frgrnd,10/06/2020,08:42:13,Frgrnd
pondeli_02_i1_polymer_vsechny_l_bok_d57_2020-11-03_11-11-59-MWL-Ex(750)-Em(830)_Frgrnd,11/03/2020,11:13:28,Frgrnd
pondeli_02_i1_polymer_vsechny_l_bok_d70_2020-11-16_14-51-04-MWL-Ex(750)-Em(830)_Frgrnd,11/16/2020,14:52:35,Frgrnd
pondeli_02_i1_polymer_vsechny_l_bok_d85_2020-12-02_10-54-56-MWL-Ex(750)-Em(830)_Frgrnd,12/02/2020,10:56:25,Frgrnd
pondeli_02_i1_polymer_vsechny_p_bok_48h_2020-09-09_11-16-32-MWL-Ex(750)-Em(830)_Frgrnd,09/09/2020,11:17:46,Frgrnd
pondeli_02_i1_polymer_vsechny_p_bok_48h_2020-09-09_11-19-59-MWL-Ex(750)-Em(830)_Frgrnd,09/09/2020,11:21:28,Frgrnd
pondeli_02_i1_polymer_vsechny_p_bok_72h_2020-09-10_11-15-02-MWL-Ex(750)-Em(830)_Frgrnd,09/10/2020,11:16:31,Frgrnd
pondeli_02_i1_polymer_vsechny_p_bok_72h_2020-09-10_11-18-05-MWL-Ex(750)-Em(830)_Frgrnd,09/10/2020,11:19:34,Frgrnd
pondeli_02_i1_polymer_vsechny_p_bok_d07_2020-09-14_15-32-06-MWL-Ex(750)-Em(830)_Frgrnd,09/14/2020,15:33:35,Frgrnd
pondeli_02_i1_polymer_vsechny_p_bok_d07_2020-09-14_15-35-25-MWL-Ex(750)-Em(830)_Frgrnd,09/14/2020,15:36:54,Frgrnd
pondeli_02_i1_polymer_vsechny_p_bok_d120_2021-01-08_11-30-14-MWL-Ex(750)-Em(830)_Frgrnd,01/08/2021,11:31:42,Frgrnd
pondeli_02_i1_polymer_vsechny_p_bok_d120_2021-01-08_11-34-01-MWL-Ex(750)-Em(830)_Frgrnd,01/08/2021,11:35:28,Frgrnd
pondeli_02_i1_polymer_vsechny_p_bok_d120_2021-01-08_15-10-16-MWL-Ex(750)-Em(830)_Frgrnd,01/08/2021,15:11:43,Frgrnd
pondeli_02_i1_polymer_vsechny_p_bok_d120_2021-01-08_15-13-11-MWL-Ex(750)-Em(830)_Frgrnd,01/08/2021,15:14:38,Frgrnd
pondeli_02_i1_polymer_vsechny_p_bok_d150_2021-02-04_10-01-47-MWL-Ex(750)-Em(830)_Frgrnd,02/04/2021,10:03:16,Frgrnd
pondeli_02_i1_polymer_vsechny_p_bok_d15_2020-09-22_10-23-10-MWL-Ex(750)-Em(830)_Frgrnd,09/22/2020,10:24:23,Frgrnd
pondeli_02_i1_polymer_vsechny_p_bok_d15_2020-09-22_10-25-54-MWL-Ex(750)-Em(830)_Frgrnd,09/22/2020,10:27:22,Frgrnd
pondeli_02_i1_polymer_vsechny_p_bok_d180_2021-03-09_13-14-57-MWL-Ex(750)-Em(830)_Frgrnd,03/09/2021,13:16:25,Frgrnd
pondeli_02_i1_polymer_vsechny_p_bok_d180_2021-03-09_13-18-11-MWL-Ex(750)-Em(830)_Frgrnd,03/09/2021,13:19:40,Frgrnd
pondeli_02_i1_polymer_vsechny_p_bok_d245_2021-05-12_13-59-43-MWL-Ex(750)-Em(830)_Frgrnd,05/12/2021,14:01:12,Frgrnd
pondeli_02_i1_polymer_vsechny_p_bok_d245_2021-05-12_14-02-53-MWL-Ex(750)-Em(830)_Frgrnd,05/12/2021,14:04:21,Frgrnd
pondeli_02_i1_polymer_vsechny_p_bok_d29_2020-10-06_08-46-06-MWL-Ex(750)-Em(830)_Frgrnd,10/06/2020,08:47:34,Frgrnd
pondeli_02_i1_polymer_vsechny_p_bok_d29_2020-10-06_08-49-41-MWL-Ex(750)-Em(830)_Frgrnd,10/06/2020,08:51:09,Frgrnd
pondeli_02_i1_polymer_vsechny_p_bok_d57_2020-11-03_11-15-02-MWL-Ex(750)-Em(830)_Frgrnd,11/03/2020,11:16:30,Frgrnd
pondeli_02_i1_polymer_vsechny_p_bok_d57_2020-11-03_11-18-49-MWL-Ex(750)-Em(830)_Frgrnd,11/03/2020,11:20:18,Frgrnd
pondeli_02_i1_polymer_vsechny_p_bok_d70_2020-11-16_14-54-53-MWL-Ex(750)-Em(830)_Frgrnd,11/16/2020,14:56:22,Frgrnd
pondeli_02_i1_polymer_vsechny_p_bok_d70_2020-11-16_14-59-39-MWL-Ex(750)-Em(830)_Frgrnd,11/16/2020,15:01:07,Frgrnd
pondeli_02_i1_polymer_vsechny_p_bok_d85_2020-12-02_10-58-14-MWL-Ex(750)-Em(830)_Frgrnd,12/02/2020,10:59:42,Frgrnd
pondeli_02_i1_polymer_vsechny_p_bok_d85_2020-12-02_11-01-29-MWL-Ex(750)-Em(830)_Frgrnd,12/02/2020,11:02:57,Frgrnd
pondeli_02_i1_polymer_vsechny_p_bok_d85_2020-12-02_11-05-46-MWL-Ex(750)-Em(830)_Frgrnd,12/02/2020,11:07:14,Frgrnd
pondeli_03_f2_polymer_mys01_bricho_00h_2020-09-07_12-13-28-MWL-Ex(750)-Em(830)_Frgrnd,09/07/2020,12:14:56,Frgrnd
pondeli_03_f2_polymer_mys01_bricho_05h_2020-09-07_17-33-35-MWL-Ex(750)-Em(830)_Frgrnd,09/07/2020,17:34:54,Frgrnd
pondeli_03_f2_polymer_mys01_l_bok_00h_2020-09-07_12-16-24-MWL-Ex(750)-Em(830)_Frgrnd,09/07/2020,12:17:53,Frgrnd
pondeli_03_f2_polymer_mys01_l_bok_05h_2020-09-07_17-36-27-MWL-Ex(750)-Em(830)_Frgrnd,09/07/2020,17:37:47,Frgrnd
pondeli_03_f2_polymer_mys01_p_bok_00h_2020-09-07_12-19-26-MWL-Ex(750)-Em(830)_Frgrnd,09/07/2020,12:20:54,Frgrnd
pondeli_03_f2_polymer_mys01_p_bok_00h_2020-09-07_12-22-06-MWL-Ex(750)-Em(830)_Frgrnd,09/07/2020,12:23:35,Frgrnd
pondeli_03_f2_polymer_mys01_p_bok_05h_2020-09-07_17-27-41-MWL-Ex(750)-Em(830)_Frgrnd,09/07/2020,17:29:36,Frgrnd
pondeli_03_f2_polymer_mys01_p_bok_05h_2020-09-07_17-30-42-MWL-Ex(750)-Em(830)_Frgrnd,09/07/2020,17:32:02,Frgrnd
pondeli_03_f2_polymer_mys02_bricho_00h_2020-09-07_12-42-27-MWL-Ex(750)-Em(830)_Frgrnd,09/07/2020,12:43:40,Frgrnd
pondeli_03_f2_polymer_mys02_bricho_05h_2020-09-07_17-52-20-MWL-Ex(750)-Em(830)_Frgrnd,09/07/2020,17:53:40,Frgrnd
pondeli_03_f2_polymer_mys02_l_bok_00h_2020-09-07_12-45-06-MWL-Ex(750)-Em(830)_Frgrnd,09/07/2020,12:46:27,Frgrnd
pondeli_03_f2_polymer_mys02_l_bok_05h_2020-09-07_17-55-47-MWL-Ex(750)-Em(830)_Frgrnd,09/07/2020,17:57:07,Frgrnd
pondeli_03_f2_polymer_mys02_p_bok_00h_2020-09-07_12-47-42-MWL-Ex(750)-Em(830)_Frgrnd,09/07/2020,12:49:01,Frgrnd
pondeli_03_f2_polymer_mys02_p_bok_00h_2020-09-07_12-50-16-MWL-Ex(750)-Em(830)_Frgrnd,09/07/2020,12:51:35,Frgrnd
pondeli_03_f2_polymer_mys02_p_bok_05h_2020-09-07_17-46-23-MWL-Ex(750)-Em(830)_Frgrnd,09/07/2020,17:47:42,Frgrnd
pondeli_03_f2_polymer_mys02_p_bok_05h_2020-09-07_17-48-56-MWL-Ex(750)-Em(830)_Frgrnd,09/07/2020,17:50:16,Frgrnd
pondeli_03_f2_polymer_mys03_bricho_00h_2020-09-07_13-15-47-MWL-Ex(750)-Em(830)_Frgrnd,09/07/2020,13:17:06,Frgrnd
pondeli_03_f2_polymer_mys03_bricho_05h_2020-09-07_18-27-33-MWL-Ex(750)-Em(830)_Frgrnd,09/07/2020,18:29:01,Frgrnd
pondeli_03_f2_polymer_mys03_l_bok_00h_2020-09-07_13-18-13-MWL-Ex(750)-Em(830)_Frgrnd,09/07/2020,13:19:33,Frgrnd
pondeli_03_f2_polymer_mys03_l_bok_05h_2020-09-07_18-30-22-MWL-Ex(750)-Em(830)_Frgrnd,09/07/2020,18:31:50,Frgrnd
pondeli_03_f2_polymer_mys03_p_bok_00h_2020-09-07_13-23-30-MWL-Ex(750)-Em(830)_Frgrnd,09/07/2020,13:24:50,Frgrnd
pondeli_03_f2_polymer_mys03_p_bok_00h_2020-09-07_13-26-45-MWL-Ex(750)-Em(830)_Frgrnd,09/07/2020,13:28:05,Frgrnd
pondeli_03_f2_polymer_mys03_p_bok_05h_2020-09-07_18-20-28-MWL-Ex(750)-Em(830)_Frgrnd,09/07/2020,18:21:57,Frgrnd
pondeli_03_f2_polymer_mys03_p_bok_05h_2020-09-07_18-24-05-MWL-Ex(750)-Em(830)_Frgrnd,09/07/2020,18:25:33,Frgrnd
pondeli_03_f2_polymer_vsechny_bricho_24h_2020-09-08_13-04-26-MWL-Ex(750)-Em(830)_Frgrnd,09/08/2020,13:05:54,Frgrnd
pondeli_03_f2_polymer_vsechny_bricho_48h_2020-09-09_13-03-42-MWL-Ex(750)-Em(830)_Frgrnd,09/09/2020,13:04:56,Frgrnd
pondeli_03_f2_polymer_vsechny_bricho_72h_2020-09-10_11-23-45-MWL-Ex(750)-Em(830)_Frgrnd,09/10/2020,11:25:13,Frgrnd
pondeli_03_f2_polymer_vsechny_bricho_d07_2020-09-14_15-43-03-MWL-Ex(750)-Em(830)_Frgrnd,09/14/2020,15:44:32,Frgrnd
pondeli_03_f2_polymer_vsechny_bricho_d120_2021-01-08_11-51-59-MWL-Ex(750)-Em(830)_Frgrnd,01/08/2021,11:53:26,Frgrnd
pondeli_03_f2_polymer_vsechny_bricho_d150_2021-02-04_10-12-34-MWL-Ex(750)-Em(830)_Frgrnd,02/04/2021,10:13:58,Frgrnd
pondeli_03_f2_polymer_vsechny_bricho_d15_2020-09-22_10-45-29-MWL-Ex(750)-Em(830)_Frgrnd,09/22/2020,10:47:24,Frgrnd
pondeli_03_f2_polymer_vsechny_bricho_d180_2021-03-09_13-25-48-MWL-Ex(750)-Em(830)_Frgrnd,03/09/2021,13:27:17,Frgrnd
pondeli_03_f2_polymer_vsechny_bricho_d245_2021-05-12_14-09-15-MWL-Ex(750)-Em(830)_Frgrnd,05/12/2021,14:10:29,Frgrnd
pondeli_03_f2_polymer_vsechny_bricho_d29_2020-10-06_09-01-03-MWL-Ex(750)-Em(830)_Frgrnd,10/06/2020,09:02:31,Frgrnd
pondeli_03_f2_polymer_vsechny_bricho_d57_2020-11-03_11-28-52-MWL-Ex(750)-Em(830)_Frgrnd,11/03/2020,11:30:20,Frgrnd
pondeli_03_f2_polymer_vsechny_Bricho_d70_2020-11-16_16-17-17-MWL-Ex(750)-Em(830)_Frgrnd,11/16/2020,16:19:12,Frgrnd
pondeli_03_f2_polymer_vsechny_bricho_d85_2020-12-02_11-10-26-MWL-Ex(750)-Em(830)_Frgrnd,12/02/2020,11:11:55,Frgrnd
pondeli_03_f2_polymer_vsechny_l_bok_24h_2020-09-08_13-08-22-MWL-Ex(750)-Em(830)_Frgrnd,09/08/2020,13:09:50,Frgrnd
pondeli_03_f2_polymer_vsechny_l_bok_48h_2020-09-09_13-06-58-MWL-Ex(750)-Em(830)_Frgrnd,09/09/2020,13:08:26,Frgrnd
pondeli_03_f2_polymer_vsechny_l_bok_72h_2020-09-10_11-26-48-MWL-Ex(750)-Em(830)_Frgrnd,09/10/2020,11:28:16,Frgrnd
pondeli_03_f2_polymer_vsechny_l_bok_d07_2020-09-14_15-50-23-MWL-Ex(750)-Em(830)_Frgrnd,09/14/2020,15:51:52,Frgrnd
pondeli_03_f2_polymer_vsechny_l_bok_d120_2021-01-08_11-49-05-MWL-Ex(750)-Em(830)_Frgrnd,01/08/2021,11:50:32,Frgrnd
pondeli_03_f2_polymer_vsechny_l_bok_d150_2021-02-04_10-17-32-MWL-Ex(750)-Em(830)_Frgrnd,02/04/2021,10:19:02,Frgrnd
pondeli_03_f2_polymer_vsechny_l_bok_d15_2020-09-22_10-49-28-MWL-Ex(750)-Em(830)_Frgrnd,09/22/2020,10:50:57,Frgrnd
pondeli_03_f2_polymer_vsechny_l_bok_d180_2021-03-09_13-38-25-MWL-Ex(750)-Em(830)_Frgrnd,03/09/2021,13:39:54,Frgrnd
pondeli_03_f2_polymer_vsechny_l_bok_d245_2021-05-12_14-11-44-MWL-Ex(750)-Em(830)_Frgrnd,05/12/2021,14:13:12,Frgrnd
pondeli_03_f2_polymer_vsechny_l_bok_d29_2020-10-06_09-04-34-MWL-Ex(750)-Em(830)_Frgrnd,10/06/2020,09:06:02,Frgrnd
pondeli_03_f2_polymer_vsechny_l_bok_d57_2020-11-03_11-32-34-MWL-Ex(750)-Em(830)_Frgrnd,11/03/2020,11:34:02,Frgrnd
pondeli_03_f2_polymer_vsechny_l_bok_d70_2020-11-16_16-21-13-MWL-Ex(750)-Em(830)_Frgrnd,11/16/2020,16:22:41,Frgrnd
pondeli_03_f2_polymer_vsechny_l_bok_d85_2020-12-02_11-16-41-MWL-Ex(750)-Em(830)_Frgrnd,12/02/2020,11:18:09,Frgrnd
pondeli_03_f2_polymer_vsechny_p_bok_24h_2020-09-08_13-12-24-MWL-Ex(750)-Em(830)_Frgrnd,09/08/2020,13:13:52,Frgrnd
pondeli_03_f2_polymer_vsechny_p_bok_24h_2020-09-08_13-15-31-MWL-Ex(750)-Em(830)_Frgrnd,09/08/2020,13:17:00,Frgrnd
pondeli_03_f2_polymer_vsechny_p_bok_48h_2020-09-09_13-10-13-MWL-Ex(750)-Em(830)_Frgrnd,09/09/2020,13:11:42,Frgrnd
pondeli_03_f2_polymer_vsechny_p_bok_48h_2020-09-09_13-16-51-MWL-Ex(750)-Em(830)_Frgrnd,09/09/2020,13:18:19,Frgrnd
pondeli_03_f2_polymer_vsechny_p_bok_72h_2020-09-10_11-30-20-MWL-Ex(750)-Em(830)_Frgrnd,09/10/2020,11:31:48,Frgrnd
pondeli_03_f2_polymer_vsechny_p_bok_72h_2020-09-10_11-33-30-MWL-Ex(750)-Em(830)_Frgrnd,09/10/2020,11:34:58,Frgrnd
pondeli_03_f2_polymer_vsechny_p_bok_d07_2020-09-14_15-53-42-MWL-Ex(750)-Em(830)_Frgrnd,09/14/2020,15:55:10,Frgrnd
pondeli_03_f2_polymer_vsechny_p_bok_d07_2020-09-14_15-56-44-MWL-Ex(750)-Em(830)_Frgrnd,09/14/2020,15:58:13,Frgrnd
pondeli_03_f2_polymer_vsechny_p_bok_d120_2021-01-08_11-40-47-MWL-Ex(750)-Em(830)_Frgrnd,01/08/2021,11:42:14,Frgrnd
pondeli_03_f2_polymer_vsechny_p_bok_d120_2021-01-08_11-43-53-MWL-Ex(750)-Em(830)_Frgrnd,01/08/2021,11:45:20,Frgrnd
pondeli_03_f2_polymer_vsechny_p_bok_d150_2021-02-04_10-20-50-MWL-Ex(750)-Em(830)_Frgrnd,02/04/2021,10:22:19,Frgrnd
pondeli_03_f2_polymer_vsechny_p_bok_d150_2021-02-04_10-27-41-MWL-Ex(750)-Em(830)_Frgrnd,02/04/2021,10:29:09,Frgrnd
pondeli_03_f2_polymer_vsechny_p_bok_d15_2020-09-22_10-53-05-MWL-Ex(750)-Em(830)_Frgrnd,09/22/2020,10:54:33,Frgrnd
pondeli_03_f2_polymer_vsechny_p_bok_d15_2020-09-22_10-59-44-MWL-Ex(750)-Em(830)_Frgrnd,09/22/2020,11:01:12,Frgrnd
pondeli_03_f2_polymer_vsechny_p_bok_d180_2021-03-09_13-28-35-MWL-Ex(750)-Em(830)_Frgrnd,03/09/2021,13:30:04,Frgrnd
pondeli_03_f2_polymer_vsechny_p_bok_d180_2021-03-09_13-35-18-MWL-Ex(750)-Em(830)_Frgrnd,03/09/2021,13:36:46,Frgrnd
pondeli_03_f2_polymer_vsechny_p_bok_d245_2021-05-12_14-14-58-MWL-Ex(750)-Em(830)_Frgrnd,05/12/2021,14:16:26,Frgrnd
pondeli_03_f2_polymer_vsechny_p_bok_d245_2021-05-12_14-24-07-MWL-Ex(750)-Em(830)_Frgrnd,05/12/2021,14:25:35,Frgrnd
pondeli_03_f2_polymer_vsechny_p_bok_d29_2020-10-06_09-08-06-MWL-Ex(750)-Em(830)_Frgrnd,10/06/2020,09:09:35,Frgrnd
pondeli_03_f2_polymer_vsechny_p_bok_d29_2020-10-06_09-12-52-MWL-Ex(750)-Em(830)_Frgrnd,10/06/2020,09:14:07,Frgrnd
pondeli_03_f2_polymer_vsechny_p_bok_d57_2020-11-03_11-35-38-MWL-Ex(750)-Em(830)_Frgrnd,11/03/2020,11:37:07,Frgrnd
pondeli_03_f2_polymer_vsechny_p_bok_d57_2020-11-03_11-38-52-MWL-Ex(750)-Em(830)_Frgrnd,11/03/2020,11:40:21,Frgrnd
pondeli_03_f2_polymer_vsechny_p_bok_d70_2020-11-16_16-25-01-MWL-Ex(750)-Em(830)_Frgrnd,11/16/2020,16:26:29,Frgrnd
pondeli_03_f2_polymer_vsechny_p_bok_d70_2020-11-16_16-28-59-MWL-Ex(750)-Em(830)_Frgrnd,11/16/2020,16:30:28,Frgrnd
pondeli_03_f2_polymer_vsechny_p_bok_d85_2020-12-02_11-20-03-MWL-Ex(750)-Em(830)_Frgrnd,12/02/2020,11:21:31,Frgrnd
pondeli_03_f2_polymer_vsechny_p_bok_d85_2020-12-02_11-23-07-MWL-Ex(750)-Em(830)_Frgrnd,12/02/2020,11:24:36,Frgrnd
pondeli_03_f2_polymer_vsechny_p_bok_d85_2020-12-02_11-28-13-MWL-Ex(750)-Em(830)_Frgrnd,12/02/2020,11:29:42,Frgrnd
pondeli_04_p2_polymer_mys01_bricho_00h_2020-09-07_13-34-41-MWL-Ex(750)-Em(830)_Frgrnd,09/07/2020,13:36:00,Frgrnd
pondeli_04_p2_polymer_mys01_bricho_05h_2020-09-07_18-49-13-MWL-Ex(750)-Em(830)_Frgrnd,09/07/2020,18:50:43,Frgrnd
pondeli_04_p2_polymer_mys01_l_bok_00h_2020-09-07_13-42-40-MWL-Ex(750)-Em(830)_Frgrnd,09/07/2020,13:44:00,Frgrnd
pondeli_04_p2_polymer_mys01_l_bok_05h_2020-09-07_18-52-27-MWL-Ex(750)-Em(830)_Frgrnd,09/07/2020,18:53:56,Frgrnd
pondeli_04_p2_polymer_mys01_p_bok_00h_2020-09-07_13-37-19-MWL-Ex(750)-Em(830)_Frgrnd,09/07/2020,13:38:38,Frgrnd
pondeli_04_p2_polymer_mys01_p_bok_00h_2020-09-07_13-39-52-MWL-Ex(750)-Em(830)_Frgrnd,09/07/2020,13:41:11,Frgrnd
pondeli_04_p2_polymer_mys01_p_bok_05h_2020-09-07_18-43-14-MWL-Ex(750)-Em(830)_Frgrnd,09/07/2020,18:44:42,Frgrnd
pondeli_04_p2_polymer_mys01_p_bok_05h_2020-09-07_18-45-56-MWL-Ex(750)-Em(830)_Frgrnd,09/07/2020,18:47:24,Frgrnd
pondeli_04_p2_polymer_mys02_bricho_00h_2020-09-07_13-50-38-MWL-Ex(750)-Em(830)_Frgrnd,09/07/2020,13:51:58,Frgrnd
pondeli_04_p2_polymer_mys02_bricho_05h_2020-09-07_19-11-28-MWL-Ex(750)-Em(830)_Frgrnd,09/07/2020,19:12:56,Frgrnd
pondeli_04_p2_polymer_mys02_l_bok_00h_2020-09-07_13-53-13-MWL-Ex(750)-Em(830)_Frgrnd,09/07/2020,13:54:32,Frgrnd
pondeli_04_p2_polymer_mys02_l_bok_05h_2020-09-07_19-14-18-MWL-Ex(750)-Em(830)_Frgrnd,09/07/2020,19:15:47,Frgrnd
pondeli_04_p2_polymer_mys02_p_bok_00h_2020-09-07_13-56-45-MWL-Ex(750)-Em(830)_Frgrnd,09/07/2020,13:57:59,Frgrnd
pondeli_04_p2_polymer_mys02_p_bok_00h_2020-09-07_13-59-09-MWL-Ex(750)-Em(830)_Frgrnd,09/07/2020,14:00:29,Frgrnd
pondeli_04_p2_polymer_mys02_p_bok_05h_2020-09-07_19-07-00-MWL-Ex(750)-Em(830)_Frgrnd,09/07/2020,19:08:38,Frgrnd
pondeli_04_p2_polymer_mys03_bricho_00h_2020-09-07_14-08-50-MWL-Ex(750)-Em(830)_Frgrnd,09/07/2020,14:10:09,Frgrnd
pondeli_04_p2_polymer_mys03_bricho_05h_2020-09-07_19-23-46-MWL-Ex(750)-Em(830)_Frgrnd,09/07/2020,19:25:15,Frgrnd
pondeli_04_p2_polymer_mys03_l_bok_00h_2020-09-07_14-15-02-MWL-Ex(750)-Em(830)_Frgrnd,09/07/2020,14:16:22,Frgrnd
pondeli_04_p2_polymer_mys03_l_bok_05h_2020-09-07_19-33-26-MWL-Ex(750)-Em(830)_Frgrnd,09/07/2020,19:34:55,Frgrnd
pondeli_04_p2_polymer_mys03_p_bok_00h_2020-09-07_14-17-30-MWL-Ex(750)-Em(830)_Frgrnd,09/07/2020,14:18:49,Frgrnd
pondeli_04_p2_polymer_mys03_p_bok_00h_2020-09-07_14-20-00-MWL-Ex(750)-Em(830)_Frgrnd,09/07/2020,14:21:20,Frgrnd
pondeli_04_p2_polymer_mys03_p_bok_05h_2020-09-07_19-26-34-MWL-Ex(750)-Em(830)_Frgrnd,09/07/2020,19:28:02,Frgrnd
pondeli_04_p2_polymer_mys03_p_bok_05h_2020-09-07_19-29-24-MWL-Ex(750)-Em(830)_Frgrnd,09/07/2020,19:30:53,Frgrnd
pondeli_04_p2_polymer_vsechny_bricho_24h_2020-09-08_13-22-37-MWL-Ex(750)-Em(830)_Frgrnd,09/08/2020,13:24:06,Frgrnd
pondeli_04_p2_polymer_vsechny_bricho_48h_2020-09-09_13-43-53-MWL-Ex(750)-Em(830)_Frgrnd,09/09/2020,13:45:21,Frgrnd
pondeli_04_p2_polymer_vsechny_bricho_72h_2020-09-10_11-45-04-MWL-Ex(750)-Em(830)_Frgrnd,09/10/2020,11:46:32,Frgrnd
pondeli_04_p2_polymer_vsechny_bricho_d07_2020-09-14_16-02-01-MWL-Ex(750)-Em(830)_Frgrnd,09/14/2020,16:03:29,Frgrnd
pondeli_04_p2_polymer_vsechny_bricho_d120_2021-01-08_12-16-22-MWL-Ex(750)-Em(830)_Frgrnd,01/08/2021,12:17:49,Frgrnd
pondeli_04_p2_polymer_vsechny_bricho_d150_2021-02-04_10-35-35-MWL-Ex(750)-Em(830)_Frgrnd,02/04/2021,10:37:05,Frgrnd
pondeli_04_p2_polymer_vsechny_bricho_d15_2020-09-22_11-07-03-MWL-Ex(750)-Em(830)_Frgrnd,09/22/2020,11:08:32,Frgrnd
pondeli_04_p2_polymer_vsechny_bricho_d180_2021-03-09_13-49-31-MWL-Ex(750)-Em(830)_Frgrnd,03/09/2021,13:50:59,Frgrnd
pondeli_04_p2_polymer_vsechny_bricho_d245_2021-05-13_13-06-25-MWL-Ex(750)-Em(830)_Frgrnd,05/13/2021,13:07:45,Frgrnd
pondeli_04_p2_polymer_vsechny_bricho_d29_2020-10-06_09-49-19-MWL-Ex(750)-Em(830)_Frgrnd,10/06/2020,09:51:14,Frgrnd
pondeli_04_p2_polymer_vsechny_bricho_d57_2020-11-03_12-01-19-MWL-Ex(750)-Em(830)_Frgrnd,11/03/2020,12:02:47,Frgrnd
pondeli_04_p2_polymer_vsechny_Bricho_d70_2020-11-16_19-09-38-MWL-Ex(750)-Em(830)_Frgrnd,11/16/2020,19:10:48,Frgrnd
pondeli_04_p2_polymer_vsechny_bricho_d85_2020-12-02_11-55-56-MWL-Ex(750)-Em(830)_Frgrnd,12/02/2020,11:57:51,Frgrnd
pondeli_04_p2_polymer_vsechny_l_bok_24h_2020-09-08_13-26-40-MWL-Ex(750)-Em(830)_Frgrnd,09/08/2020,13:28:08,Frgrnd
pondeli_04_p2_polymer_vsechny_l_bok_48h_2020-09-09_13-47-11-MWL-Ex(750)-Em(830)_Frgrnd,09/09/2020,13:48:41,Frgrnd
pondeli_04_p2_polymer_vsechny_l_bok_72h_2020-09-10_11-48-06-MWL-Ex(750)-Em(830)_Frgrnd,09/10/2020,11:49:37,Frgrnd
pondeli_04_p2_polymer_vsechny_l_bok_d07_2020-09-14_16-05-20-MWL-Ex(750)-Em(830)_Frgrnd,09/14/2020,16:06:48,Frgrnd
pondeli_04_p2_polymer_vsechny_l_bok_d120_2021-01-08_12-20-01-MWL-Ex(750)-Em(830)_Frgrnd,01/08/2021,12:21:28,Frgrnd
pondeli_04_p2_polymer_vsechny_l_bok_d150_2021-02-04_10-39-35-MWL-Ex(750)-Em(830)_Frgrnd,02/04/2021,10:41:04,Frgrnd
pondeli_04_p2_polymer_vsechny_l_bok_d15_2020-09-22_11-09-52-MWL-Ex(750)-Em(830)_Frgrnd,09/22/2020,11:11:21,Frgrnd
pondeli_04_p2_polymer_vsechny_l_bok_d180_2021-03-09_13-52-33-MWL-Ex(750)-Em(830)_Frgrnd,03/09/2021,13:54:02,Frgrnd
pondeli_04_p2_polymer_vsechny_l_bok_d245_2021-05-13_13-09-13-MWL-Ex(750)-Em(830)_Frgrnd,05/13/2021,13:10:44,Frgrnd
pondeli_04_p2_polymer_vsechny_l_bok_d29_2020-10-06_09-56-06-MWL-Ex(750)-Em(830)_Frgrnd,10/06/2020,09:57:37,Frgrnd
pondeli_04_p2_polymer_vsechny_l_bok_d57_2020-11-03_12-04-32-MWL-Ex(750)-Em(830)_Frgrnd,11/03/2020,12:06:00,Frgrnd
pondeli_04_p2_polymer_vsechny_l_bok_d70_2020-11-16_19-12-59-MWL-Ex(750)-Em(830)_Frgrnd,11/16/2020,19:14:28,Frgrnd
pondeli_04_p2_polymer_vsechny_l_bok_d85_2020-12-02_11-59-21-MWL-Ex(750)-Em(830)_Frgrnd,12/02/2020,12:00:50,Frgrnd
pondeli_04_p2_polymer_vsechny_p_bok_24h_2020-09-08_13-30-16-MWL-Ex(750)-Em(830)_Frgrnd,09/08/2020,13:31:44,Frgrnd
pondeli_04_p2_polymer_vsechny_p_bok_24h_2020-09-08_13-33-34-MWL-Ex(750)-Em(830)_Frgrnd,09/08/2020,13:35:02,Frgrnd
pondeli_04_p2_polymer_vsechny_p_bok_48h_2020-09-09_13-50-27-MWL-Ex(750)-Em(830)_Frgrnd,09/09/2020,13:51:56,Frgrnd
pondeli_04_p2_polymer_vsechny_p_bok_48h_2020-09-09_13-53-51-MWL-Ex(750)-Em(830)_Frgrnd,09/09/2020,13:55:19,Frgrnd
pondeli_04_p2_polymer_vsechny_p_bok_72h_2020-09-10_11-50-55-MWL-Ex(750)-Em(830)_Frgrnd,09/10/2020,11:52:23,Frgrnd
pondeli_04_p2_polymer_vsechny_p_bok_72h_2020-09-10_11-53-55-MWL-Ex(750)-Em(830)_Frgrnd,09/10/2020,11:55:24,Frgrnd
pondeli_04_p2_polymer_vsechny_p_bok_d07_2020-09-14_16-10-08-MWL-Ex(750)-Em(830)_Frgrnd,09/14/2020,16:11:36,Frgrnd
pondeli_04_p2_polymer_vsechny_p_bok_d07_2020-09-14_16-17-06-MWL-Ex(750)-Em(830)_Frgrnd,09/14/2020,16:18:35,Frgrnd
pondeli_04_p2_polymer_vsechny_p_bok_d120_2021-01-08_12-07-53-MWL-Ex(750)-Em(830)_Frgrnd,01/08/2021,12:09:20,Frgrnd
pondeli_04_p2_polymer_vsechny_p_bok_d120_2021-01-08_12-10-56-MWL-Ex(750)-Em(830)_Frgrnd,01/08/2021,12:12:24,Frgrnd
pondeli_04_p2_polymer_vsechny_p_bok_d150_2021-02-04_10-43-29-MWL-Ex(750)-Em(830)_Frgrnd,02/04/2021,10:44:57,Frgrnd
pondeli_04_p2_polymer_vsechny_p_bok_d150_2021-02-04_10-47-38-MWL-Ex(750)-Em(830)_Frgrnd,02/04/2021,10:49:07,Frgrnd
pondeli_04_p2_polymer_vsechny_p_bok_d15_2020-09-22_11-17-05-MWL-Ex(750)-Em(830)_Frgrnd,09/22/2020,11:18:34,Frgrnd
pondeli_04_p2_polymer_vsechny_p_bok_d15_2020-09-22_11-21-36-MWL-Ex(750)-Em(830)_Frgrnd,09/22/2020,11:23:04,Frgrnd
pondeli_04_p2_polymer_vsechny_p_bok_d180_2021-03-09_13-55-42-MWL-Ex(750)-Em(830)_Frgrnd,03/09/2021,13:57:11,Frgrnd
pondeli_04_p2_polymer_vsechny_p_bok_d180_2021-03-09_13-59-01-MWL-Ex(750)-Em(830)_Frgrnd,03/09/2021,14:00:29,Frgrnd
pondeli_04_p2_polymer_vsechny_p_bok_d245_2021-05-13_13-12-33-MWL-Ex(750)-Em(830)_Frgrnd,05/13/2021,13:14:02,Frgrnd
pondeli_04_p2_polymer_vsechny_p_bok_d245_2021-05-13_13-15-28-MWL-Ex(750)-Em(830)_Frgrnd,05/13/2021,13:16:57,Frgrnd
pondeli_04_p2_polymer_vsechny_p_bok_d29_2020-10-06_10-00-27-MWL-Ex(750)-Em(830)_Frgrnd,10/06/2020,10:01:55,Frgrnd
pondeli_04_p2_polymer_vsechny_p_bok_d29_2020-10-06_10-06-01-MWL-Ex(750)-Em(830)_Frgrnd,10/06/2020,10:07:29,Frgrnd
pondeli_04_p2_polymer_vsechny_p_bok_d57_2020-11-03_12-07-54-MWL-Ex(750)-Em(830)_Frgrnd,11/03/2020,12:09:22,Frgrnd
pondeli_04_p2_polymer_vsechny_p_bok_d57_2020-11-03_12-11-54-MWL-Ex(750)-Em(830)_Frgrnd,11/03/2020,12:13:23,Frgrnd
pondeli_04_p2_polymer_vsechny_p_bok_d70_2020-11-16_19-16-41-MWL-Ex(750)-Em(830)_Frgrnd,11/16/2020,19:18:09,Frgrnd
pondeli_04_p2_polymer_vsechny_p_bok_d70_2020-11-16_19-20-25-MWL-Ex(750)-Em(830)_Frgrnd,11/16/2020,19:21:53,Frgrnd
pondeli_04_p2_polymer_vsechny_p_bok_d85_2020-12-02_12-02-34-MWL-Ex(750)-Em(830)_Frgrnd,12/02/2020,12:04:02,Frgrnd
pondeli_04_p2_polymer_vsechny_p_bok_d85_2020-12-02_12-06-57-MWL-Ex(750)-Em(830)_Frgrnd,12/02/2020,12:08:26,Frgrnd
pondeli_04_p2_polymer_vsechny_p_bok_d85_2020-12-02_12-11-18-MWL-Ex(750)-Em(830)_Frgrnd,12/02/2020,12:12:46,Frgrnd
pondeli_05_e1_polymer_mys01_bricho_00h_2020-09-07_14-27-12-MWL-Ex(750)-Em(830)_Frgrnd,09/07/2020,14:28:32,Frgrnd
pondeli_05_e1_polymer_mys01_bricho_05h_2020-09-07_19-46-37-MWL-Ex(750)-Em(830)_Frgrnd,09/07/2020,19:48:05,Frgrnd
pondeli_05_e1_polymer_mys01_l_bok_00h_2020-09-07_14-29-42-MWL-Ex(750)-Em(830)_Frgrnd,09/07/2020,14:31:03,Frgrnd
pondeli_05_e1_polymer_mys01_l_bok_05h_2020-09-07_19-49-13-MWL-Ex(750)-Em(830)_Frgrnd,09/07/2020,19:50:41,Frgrnd
pondeli_05_e1_polymer_mys01_p_bok_00h_2020-09-07_14-32-14-MWL-Ex(750)-Em(830)_Frgrnd,09/07/2020,14:33:33,Frgrnd
pondeli_05_e1_polymer_mys01_p_bok_00h_2020-09-07_14-35-24-MWL-Ex(750)-Em(830)_Frgrnd,09/07/2020,14:36:43,Frgrnd
pondeli_05_e1_polymer_mys01_p_bok_05h_2020-09-07_19-40-07-MWL-Ex(750)-Em(830)_Frgrnd,09/07/2020,19:41:36,Frgrnd
pondeli_05_e1_polymer_mys01_p_bok_05h_2020-09-07_19-43-08-MWL-Ex(750)-Em(830)_Frgrnd,09/07/2020,19:44:37,Frgrnd
pondeli_05_e1_polymer_mys02_bricho_00h_2020-09-07_14-49-27-MWL-Ex(750)-Em(830)_Frgrnd,09/07/2020,14:50:47,Frgrnd
pondeli_05_e1_polymer_mys02_bricho_05h_2020-09-07_20-10-05-MWL-Ex(750)-Em(830)_Frgrnd,09/07/2020,20:11:33,Frgrnd
pondeli_05_e1_polymer_mys02_l_bok_00h_2020-09-07_14-52-20-MWL-Ex(750)-Em(830)_Frgrnd,09/07/2020,14:53:40,Frgrnd
pondeli_05_e1_polymer_mys02_l_bok_05h_2020-09-07_20-12-45-MWL-Ex(750)-Em(830)_Frgrnd,09/07/2020,20:14:15,Frgrnd
pondeli_05_e1_polymer_mys02_p_bok_00h_2020-09-07_14-58-32-MWL-Ex(750)-Em(830)_Frgrnd,09/07/2020,14:59:51,Frgrnd
pondeli_05_e1_polymer_mys02_p_bok_00h_2020-09-07_15-01-16-MWL-Ex(750)-Em(830)_Frgrnd,09/07/2020,15:02:35,Frgrnd
pondeli_05_e1_polymer_mys02_p_bok_05h_2020-09-07_20-03-28-MWL-Ex(750)-Em(830)_Frgrnd,09/07/2020,20:04:56,Frgrnd
pondeli_05_e1_polymer_mys02_p_bok_05h_2020-09-07_20-06-48-MWL-Ex(750)-Em(830)_Frgrnd,09/07/2020,20:08:16,Frgrnd
pondeli_05_e1_polymer_mys03_bricho_00h_2020-09-07_15-23-00-MWL-Ex(750)-Em(830)_Frgrnd,09/07/2020,15:24:55,Frgrnd
pondeli_05_e1_polymer_mys03_bricho_05h_2020-09-07_20-27-06-MWL-Ex(750)-Em(830)_Frgrnd,09/07/2020,20:28:35,Frgrnd
pondeli_05_e1_polymer_mys03_l_bok_00h_2020-09-07_15-27-54-MWL-Ex(750)-Em(830)_Frgrnd,09/07/2020,15:29:14,Frgrnd
pondeli_05_e1_polymer_mys03_l_bok_05h_2020-09-07_20-30-29-MWL-Ex(750)-Em(830)_Frgrnd,09/07/2020,20:31:42,Frgrnd
pondeli_05_e1_polymer_mys03_p_bok_00h_2020-09-07_15-30-32-MWL-Ex(750)-Em(830)_Frgrnd,09/07/2020,15:31:52,Frgrnd
pondeli_05_e1_polymer_mys03_p_bok_00h_2020-09-07_15-33-06-MWL-Ex(750)-Em(830)_Frgrnd,09/07/2020,15:34:26,Frgrnd
pondeli_05_e1_polymer_mys03_p_bok_05h_2020-09-07_20-20-19-MWL-Ex(750)-Em(830)_Frgrnd,09/07/2020,20:21:48,Frgrnd
pondeli_05_e1_polymer_mys03_p_bok_05h_2020-09-07_20-24-01-MWL-Ex(750)-Em(830)_Frgrnd,09/07/2020,20:25:29,Frgrnd
pondeli_05_e1_polymer_vsechny_bricho_24h_2020-09-08_15-00-00-MWL-Ex(750)-Em(830)_Frgrnd,09/08/2020,15:01:29,Frgrnd
pondeli_05_e1_polymer_vsechny_bricho_48h_2020-09-09_14-56-42-MWL-Ex(750)-Em(830)_Frgrnd,09/09/2020,14:57:55,Frgrnd
pondeli_05_e1_polymer_vsechny_bricho_72h_2020-09-10_12-00-11-MWL-Ex(750)-Em(830)_Frgrnd,09/10/2020,12:01:40,Frgrnd
pondeli_05_e1_polymer_vsechny_bricho_d07_2020-09-14_16-23-46-MWL-Ex(750)-Em(830)_Frgrnd,09/14/2020,16:25:14,Frgrnd
pondeli_05_e1_polymer_vsechny_bricho_d120_2021-01-08_12-33-54-MWL-Ex(750)-Em(830)_Frgrnd,01/08/2021,12:35:20,Frgrnd
pondeli_05_e1_polymer_vsechny_bricho_d150_2021-02-04_10-58-50-MWL-Ex(750)-Em(830)_Frgrnd,02/04/2021,11:00:18,Frgrnd
pondeli_05_e1_polymer_vsechny_bricho_d15_2020-09-22_11-27-00-MWL-Ex(750)-Em(830)_Frgrnd,09/22/2020,11:28:28,Frgrnd
pondeli_05_e1_polymer_vsechny_bricho_d180_2021-03-09_14-03-35-MWL-Ex(750)-Em(830)_Frgrnd,03/09/2021,14:05:04,Frgrnd
pondeli_05_e1_polymer_vsechny_bricho_d245_2021-05-13_13-19-19-MWL-Ex(750)-Em(830)_Frgrnd,05/13/2021,13:20:49,Frgrnd
pondeli_05_e1_polymer_vsechny_bricho_d29_2020-10-06_10-11-47-MWL-Ex(750)-Em(830)_Frgrnd,10/06/2020,10:13:16,Frgrnd
pondeli_05_e1_polymer_vsechny_bricho_d57_2020-11-03_13-14-05-MWL-Ex(750)-Em(830)_Frgrnd,11/03/2020,13:15:29,Frgrnd
pondeli_05_e1_polymer_vsechny_Bricho_d70_2020-11-16_19-30-32-MWL-Ex(750)-Em(830)_Frgrnd,11/16/2020,19:32:00,Frgrnd
pondeli_05_e1_polymer_vsechny_bricho_d85_2020-12-02_13-56-28-MWL-Ex(750)-Em(830)_Frgrnd,12/02/2020,13:57:56,Frgrnd
pondeli_05_e1_polymer_vsechny_l_bok_24h_2020-09-08_15-03-40-MWL-Ex(750)-Em(830)_Frgrnd,09/08/2020,15:05:09,Frgrnd
pondeli_05_e1_polymer_vsechny_l_bok_48h_2020-09-09_14-59-20-MWL-Ex(750)-Em(830)_Frgrnd,09/09/2020,15:00:48,Frgrnd
pondeli_05_e1_polymer_vsechny_l_bok_72h_2020-09-10_12-03-17-MWL-Ex(750)-Em(830)_Frgrnd,09/10/2020,12:04:46,Frgrnd
pondeli_05_e1_polymer_vsechny_l_bok_d07_2020-09-14_16-26-59-MWL-Ex(750)-Em(830)_Frgrnd,09/14/2020,16:28:27,Frgrnd
pondeli_05_e1_polymer_vsechny_l_bok_d120_2021-01-08_12-36-58-MWL-Ex(750)-Em(830)_Frgrnd,01/08/2021,12:38:25,Frgrnd
pondeli_05_e1_polymer_vsechny_l_bok_d150_2021-02-04_11-02-23-MWL-Ex(750)-Em(830)_Frgrnd,02/04/2021,11:03:51,Frgrnd
pondeli_05_e1_polymer_vsechny_l_bok_d15_2020-09-22_11-30-09-MWL-Ex(750)-Em(830)_Frgrnd,09/22/2020,11:31:37,Frgrnd
pondeli_05_e1_polymer_vsechny_l_bok_d180_2021-03-09_14-06-31-MWL-Ex(750)-Em(830)_Frgrnd,03/09/2021,14:08:00,Frgrnd
pondeli_05_e1_polymer_vsechny_l_bok_d245_2021-05-13_13-22-13-MWL-Ex(750)-Em(830)_Frgrnd,05/13/2021,13:23:41,Frgrnd
pondeli_05_e1_polymer_vsechny_l_bok_d29_2020-10-06_10-16-00-MWL-Ex(750)-Em(830)_Frgrnd,10/06/2020,10:17:29,Frgrnd
pondeli_05_e1_polymer_vsechny_l_bok_d57_2020-11-03_13-17-03-MWL-Ex(750)-Em(830)_Frgrnd,11/03/2020,13:18:32,Frgrnd
pondeli_05_e1_polymer_vsechny_l_bok_d70_2020-11-16_19-34-17-MWL-Ex(750)-Em(830)_Frgrnd,11/16/2020,19:35:45,Frgrnd
pondeli_05_e1_polymer_vsechny_l_bok_d85_2020-12-02_14-00-00-MWL-Ex(750)-Em(830)_Frgrnd,12/02/2020,14:01:28,Frgrnd
pondeli_05_e1_polymer_vsechny_p_bok_24h_2020-09-08_15-06-37-MWL-Ex(750)-Em(830)_Frgrnd,09/08/2020,15:08:05,Frgrnd
pondeli_05_e1_polymer_vsechny_p_bok_24h_2020-09-08_15-09-33-MWL-Ex(750)-Em(830)_Frgrnd,09/08/2020,15:11:01,Frgrnd
pondeli_05_e1_polymer_vsechny_p_bok_48h_2020-09-09_15-02-27-MWL-Ex(750)-Em(830)_Frgrnd,09/09/2020,15:03:56,Frgrnd
pondeli_05_e1_polymer_vsechny_p_bok_48h_2020-09-09_15-06-02-MWL-Ex(750)-Em(830)_Frgrnd,09/09/2020,15:07:30,Frgrnd
pondeli_05_e1_polymer_vsechny_p_bok_72h_2020-09-10_12-06-32-MWL-Ex(750)-Em(830)_Frgrnd,09/10/2020,12:08:01,Frgrnd
pondeli_05_e1_polymer_vsechny_p_bok_72h_2020-09-10_12-09-23-MWL-Ex(750)-Em(830)_Frgrnd,09/10/2020,12:10:52,Frgrnd
pondeli_05_e1_polymer_vsechny_p_bok_d07_2020-09-14_16-30-21-MWL-Ex(750)-Em(830)_Frgrnd,09/14/2020,16:31:50,Frgrnd
pondeli_05_e1_polymer_vsechny_p_bok_d07_2020-09-14_16-33-46-MWL-Ex(750)-Em(830)_Frgrnd,09/14/2020,16:35:14,Frgrnd
pondeli_05_e1_polymer_vsechny_p_bok_d120_2021-01-08_12-27-22-MWL-Ex(750)-Em(830)_Frgrnd,01/08/2021,12:28:49,Frgrnd
pondeli_05_e1_polymer_vsechny_p_bok_d120_2021-01-08_12-30-27-MWL-Ex(750)-Em(830)_Frgrnd,01/08/2021,12:31:54,Frgrnd
pondeli_05_e1_polymer_vsechny_p_bok_d150_2021-02-04_11-05-37-MWL-Ex(750)-Em(830)_Frgrnd,02/04/2021,11:07:07,Frgrnd
pondeli_05_e1_polymer_vsechny_p_bok_d150_2021-02-04_11-09-42-MWL-Ex(750)-Em(830)_Frgrnd,02/04/2021,11:11:10,Frgrnd
pondeli_05_e1_polymer_vsechny_p_bok_d15_2020-09-22_11-34-23-MWL-Ex(750)-Em(830)_Frgrnd,09/22/2020,11:35:51,Frgrnd
pondeli_05_e1_polymer_vsechny_p_bok_d15_2020-09-22_11-37-55-MWL-Ex(750)-Em(830)_Frgrnd,09/22/2020,11:39:24,Frgrnd
pondeli_05_e1_polymer_vsechny_p_bok_d180_2021-03-09_14-09-29-MWL-Ex(750)-Em(830)_Frgrnd,03/09/2021,14:10:58,Frgrnd
pondeli_05_e1_polymer_vsechny_p_bok_d180_2021-03-09_14-14-15-MWL-Ex(750)-Em(830)_Frgrnd,03/09/2021,14:15:43,Frgrnd
pondeli_05_e1_polymer_vsechny_p_bok_d245_2021-05-13_13-25-09-MWL-Ex(750)-Em(830)_Frgrnd,05/13/2021,13:26:37,Frgrnd
pondeli_05_e1_polymer_vsechny_p_bok_d245_2021-05-13_13-28-05-MWL-Ex(750)-Em(830)_Frgrnd,05/13/2021,13:29:34,Frgrnd
pondeli_05_e1_polymer_vsechny_p_bok_d29_2020-10-06_10-23-05-MWL-Ex(750)-Em(830)_Frgrnd,10/06/2020,10:24:34,Frgrnd
pondeli_05_e1_polymer_vsechny_p_bok_d29_2020-10-06_10-26-48-MWL-Ex(750)-Em(830)_Frgrnd,10/06/2020,10:28:16,Frgrnd
pondeli_05_e1_polymer_vsechny_p_bok_d57_2020-11-03_13-20-15-MWL-Ex(750)-Em(830)_Frgrnd,11/03/2020,13:21:43,Frgrnd
pondeli_05_e1_polymer_vsechny_p_bok_d57_2020-11-03_13-23-07-MWL-Ex(750)-Em(830)_Frgrnd,11/03/2020,13:24:36,Frgrnd
pondeli_05_e1_polymer_vsechny_p_bok_d70_2020-11-16_19-41-01-MWL-Ex(750)-Em(830)_Frgrnd,11/16/2020,19:42:30,Frgrnd
pondeli_05_e1_polymer_vsechny_p_bok_d70_2020-11-16_19-58-29-MWL-Ex(750)-Em(830)_Frgrnd,11/16/2020,20:00:23,Frgrnd
pondeli_05_e1_polymer_vsechny_p_bok_d85_2020-12-02_14-03-05-MWL-Ex(750)-Em(830)_Frgrnd,12/02/2020,14:04:33,Frgrnd
pondeli_05_e1_polymer_vsechny_p_bok_d85_2020-12-02_14-06-32-MWL-Ex(750)-Em(830)_Frgrnd,12/02/2020,14:08:01,Frgrnd
pondeli_05_e1_polymer_vsechny_p_bok_d85_2020-12-02_14-10-31-MWL-Ex(750)-Em(830)_Frgrnd,12/02/2020,14:11:59,Frgrnd
streda_12_cy7_mys01_bricho_00h_2020-09-09_09-00-44-MWL-Ex(750)-Em(830)_Frgrnd,09/09/2020,09:02:12,Frgrnd
streda_12_cy7_mys01_bricho_05h_2020-09-09_13-59-23-MWL-Ex(750)-Em(830)_Frgrnd,09/09/2020,14:00:51,Frgrnd
streda_12_cy7_mys01_l_bok_00h_2020-09-09_08-58-02-MWL-Ex(750)-Em(830)_Frgrnd,09/09/2020,08:59:16,Frgrnd
streda_12_cy7_mys01_l_bok_05h_2020-09-09_14-02-19-MWL-Ex(750)-Em(830)_Frgrnd,09/09/2020,14:03:48,Frgrnd
streda_12_cy7_mys01_p_bok_00h_2020-09-09_09-04-04-MWL-Ex(750)-Em(830)_Frgrnd,09/09/2020,09:05:32,Frgrnd
streda_12_cy7_mys01_p_bok_00h_2020-09-09_09-06-53-MWL-Ex(750)-Em(830)_Frgrnd,09/09/2020,09:08:21,Frgrnd
streda_12_cy7_mys01_p_bok_05h_2020-09-09_14-05-56-MWL-Ex(750)-Em(830)_Frgrnd,09/09/2020,14:07:25,Frgrnd
streda_12_cy7_mys01_p_bok_05h_2020-09-09_14-08-45-MWL-Ex(750)-Em(830)_Frgrnd,09/09/2020,14:10:14,Frgrnd
streda_12_cy7_mys02_bricho_00h_2020-09-09_09-38-22-MWL-Ex(750)-Em(830)_Frgrnd,09/09/2020,09:39:52,Frgrnd
streda_12_cy7_mys02_bricho_05h_2020-09-09_14-30-11-MWL-Ex(750)-Em(830)_Frgrnd,09/09/2020,14:31:40,Frgrnd
streda_12_cy7_mys02_l_bok_00h_2020-09-09_09-41-18-MWL-Ex(750)-Em(830)_Frgrnd,09/09/2020,09:42:46,Frgrnd
streda_12_cy7_mys02_l_bok_05h_2020-09-09_14-32-58-MWL-Ex(750)-Em(830)_Frgrnd,09/09/2020,14:34:26,Frgrnd
streda_12_cy7_mys02_p_bok_00h_2020-09-09_09-44-11-MWL-Ex(750)-Em(830)_Frgrnd,09/09/2020,09:45:39,Frgrnd
streda_12_cy7_mys02_p_bok_00h_2020-09-09_09-47-21-MWL-Ex(750)-Em(830)_Frgrnd,09/09/2020,09:48:49,Frgrnd
streda_12_cy7_mys02_p_bok_05h_2020-09-09_14-41-45-MWL-Ex(750)-Em(830)_Frgrnd,09/09/2020,14:43:24,Frgrnd
streda_12_cy7_mys02_p_bok_05h_2020-09-09_14-44-34-MWL-Ex(750)-Em(830)_Frgrnd,09/09/2020,14:46:13,Frgrnd
streda_12_cy7_mys03_bricho_00h_2020-09-09_09-54-09-MWL-Ex(750)-Em(830)_Frgrnd,09/09/2020,09:55:37,Frgrnd
streda_12_cy7_mys03_bricho_05h_2020-09-09_15-17-36-MWL-Ex(750)-Em(830)_Frgrnd,09/09/2020,15:19:04,Frgrnd
streda_12_cy7_mys03_l_bok_00h_2020-09-09_09-57-21-MWL-Ex(750)-Em(830)_Frgrnd,09/09/2020,09:58:49,Frgrnd
streda_12_cy7_mys03_l_bok_05h_2020-09-09_15-20-12-MWL-Ex(750)-Em(830)_Frgrnd,09/09/2020,15:21:41,Frgrnd
streda_12_cy7_mys03_p_bok_00h_2020-09-09_10-00-48-MWL-Ex(750)-Em(830)_Frgrnd,09/09/2020,10:02:17,Frgrnd
streda_12_cy7_mys03_p_bok_00h_2020-09-09_10-04-00-MWL-Ex(750)-Em(830)_Frgrnd,09/09/2020,10:05:28,Frgrnd
streda_12_cy7_mys03_p_bok_05h_2020-09-09_15-22-55-MWL-Ex(750)-Em(830)_Frgrnd,09/09/2020,15:24:23,Frgrnd
streda_12_cy7_mys03_p_bok_05h_2020-09-09_15-25-32-MWL-Ex(750)-Em(830)_Frgrnd,09/09/2020,15:27:01,Frgrnd
streda_12_cy7_vsechny_bricho_24h_2020-09-10_09-25-41-MWL-Ex(750)-Em(830)_Frgrnd,09/10/2020,09:27:36,Frgrnd
streda_12_cy7_vsechny_bricho_48h_2020-09-11_09-20-18-MWL-Ex(750)-Em(830)_Frgrnd,09/11/2020,09:21:47,Frgrnd
streda_12_cy7_vsechny_bricho_d05_2020-09-14_16-39-05-MWL-Ex(750)-Em(830)_Frgrnd,09/14/2020,16:40:33,Frgrnd
streda_12_cy7_vsechny_bricho_d06_2020-09-15_10-20-11-MWL-Ex(750)-Em(830)_Frgrnd,09/15/2020,10:21:39,Frgrnd
streda_12_cy7_vsechny_bricho_d120_2021-01-08_10-47-37-MWL-Ex(750)-Em(830)_Frgrnd,01/08/2021,10:49:32,Frgrnd
streda_12_cy7_vsechny_bricho_d150_2021-02-05_14-51-00-MWL-Ex(750)-Em(830)_Frgrnd,02/05/2021,14:52:28,Frgrnd
streda_12_cy7_vsechny_bricho_d15_2020-09-24_12-06-38-MWL-Ex(750)-Em(830)_Frgrnd,09/24/2020,12:08:07,Frgrnd
streda_12_cy7_vsechny_bricho_d180_2021-03-11_14-42-31-MWL-Ex(750)-Em(830)_Frgrnd,03/11/2021,14:43:59,Frgrnd
streda_12_cy7_vsechny_bricho_d245_2021-05-13_15-00-02-MWL-Ex(750)-Em(830)_Frgrnd,05/13/2021,15:01:56,Frgrnd
streda_12_cy7_vsechny_bricho_d29_2020-10-08_15-11-21-MWL-Ex(750)-Em(830)_Frgrnd,10/08/2020,15:12:49,Frgrnd
streda_12_cy7_vsechny_bricho_d57_2020-11-05_16-01-22-MWL-Ex(750)-Em(830)_Frgrnd,11/05/2020,16:03:17,Frgrnd
streda_12_cy7_vsechny_bricho_d70_2020-11-17_19-21-01-MWL-Ex(750)-Em(830)_Frgrnd,11/17/2020,19:22:29,Frgrnd
streda_12_cy7_vsechny_bricho_d85_2020-12-03_12-58-38-MWL-Ex(750)-Em(830)_Frgrnd,12/03/2020,13:00:07,Frgrnd
streda_12_cy7_vsechny_l_bok_24h_2020-09-10_09-29-33-MWL-Ex(750)-Em(830)_Frgrnd,09/10/2020,09:31:02,Frgrnd
streda_12_cy7_vsechny_l_bok_24h_2020-09-10_09-32-49-MWL-Ex(750)-Em(830)_Frgrnd,09/10/2020,09:34:17,Frgrnd
streda_12_cy7_vsechny_l_bok_48h_2020-09-11_09-24-37-MWL-Ex(750)-Em(830)_Frgrnd,09/11/2020,09:26:06,Frgrnd
streda_12_cy7_vsechny_l_bok_d05_2020-09-14_16-42-38-MWL-Ex(750)-Em(830)_Frgrnd,09/14/2020,16:44:07,Frgrnd
streda_12_cy7_vsechny_l_bok_d06_2020-09-15_10-26-20-MWL-Ex(750)-Em(830)_Frgrnd,09/15/2020,10:27:49,Frgrnd
streda_12_cy7_vsechny_l_bok_d120_2021-01-08_11-01-45-MWL-Ex(750)-Em(830)_Frgrnd,01/08/2021,11:03:12,Frgrnd
streda_12_cy7_vsechny_l_bok_d150_2021-02-05_14-54-13-MWL-Ex(750)-Em(830)_Frgrnd,02/05/2021,14:55:44,Frgrnd
streda_12_cy7_vsechny_l_bok_d15_2020-09-24_12-09-44-MWL-Ex(750)-Em(830)_Frgrnd,09/24/2020,12:11:12,Frgrnd
streda_12_cy7_vsechny_l_bok_d180_2021-03-11_14-39-08-MWL-Ex(750)-Em(830)_Frgrnd,03/11/2021,14:40:36,Frgrnd
streda_12_cy7_vsechny_l_bok_d245_2021-05-13_15-03-18-MWL-Ex(750)-Em(830)_Frgrnd,05/13/2021,15:04:47,Frgrnd
streda_12_cy7_vsechny_l_bok_d29_2020-10-08_15-14-25-MWL-Ex(750)-Em(830)_Frgrnd,10/08/2020,15:15:53,Frgrnd
streda_12_cy7_vsechny_l_bok_d57_2020-11-05_16-14-05-MWL-Ex(750)-Em(830)_Frgrnd,11/05/2020,16:15:35,Frgrnd
streda_12_cy7_vsechny_l_bok_d70_2020-11-17_19-24-56-MWL-Ex(750)-Em(830)_Frgrnd,11/17/2020,19:26:25,Frgrnd
streda_12_cy7_vsechny_l_bok_d85_2020-12-03_13-02-22-MWL-Ex(750)-Em(830)_Frgrnd,12/03/2020,13:03:51,Frgrnd
streda_12_cy7_vsechny_p_bok_24h_2020-09-10_09-38-25-MWL-Ex(750)-Em(830)_Frgrnd,09/10/2020,09:40:03,Frgrnd
streda_12_cy7_vsechny_p_bok_24h_2020-09-10_09-42-04-MWL-Ex(750)-Em(830)_Frgrnd,09/10/2020,09:43:43,Frgrnd
streda_12_cy7_vsechny_p_bok_48h_2020-09-11_09-37-54-MWL-Ex(750)-Em(830)_Frgrnd,09/11/2020,09:39:28,Frgrnd
streda_12_cy7_vsechny_p_bok_d05_2020-09-14_16-46-07-MWL-Ex(750)-Em(830)_Frgrnd,09/14/2020,16:47:36,Frgrnd
streda_12_cy7_vsechny_p_bok_d05_2020-09-14_16-49-37-MWL-Ex(750)-Em(830)_Frgrnd,09/14/2020,16:51:06,Frgrnd
streda_12_cy7_vsechny_p_bok_d06_2020-09-15_10-33-45-MWL-Ex(750)-Em(830)_Frgrnd,09/15/2020,10:35:13,Frgrnd
streda_12_cy7_vsechny_p_bok_d06_2020-09-15_10-37-26-MWL-Ex(750)-Em(830)_Frgrnd,09/15/2020,10:38:54,Frgrnd
streda_12_cy7_vsechny_p_bok_d120_2021-01-08_10-58-50-MWL-Ex(750)-Em(830)_Frgrnd,01/08/2021,11:00:17,Frgrnd
streda_12_cy7_vsechny_p_bok_d120_2021-01-08_11-09-14-MWL-Ex(750)-Em(830)_Frgrnd,01/08/2021,11:10:25,Frgrnd
streda_12_cy7_vsechny_p_bok_d150_2021-02-05_14-57-21-MWL-Ex(750)-Em(830)_Frgrnd,02/05/2021,14:58:50,Frgrnd
streda_12_cy7_vsechny_p_bok_d15_2020-09-24_12-33-48-MWL-Ex(750)-Em(830)_Frgrnd,09/24/2020,12:35:43,Frgrnd
streda_12_cy7_vsechny_p_bok_d15_2020-09-24_12-38-42-MWL-Ex(750)-Em(830)_Frgrnd,09/24/2020,12:40:11,Frgrnd
streda_12_cy7_vsechny_p_bok_d180_2021-03-11_14-32-34-MWL-Ex(750)-Em(830)_Frgrnd,03/11/2021,14:34:29,Frgrnd
streda_12_cy7_vsechny_p_bok_d180_2021-03-11_14-36-30-MWL-Ex(750)-Em(830)_Frgrnd,03/11/2021,14:37:59,Frgrnd
streda_12_cy7_vsechny_p_bok_d245_2021-05-13_15-06-06-MWL-Ex(750)-Em(830)_Frgrnd,05/13/2021,15:07:35,Frgrnd
streda_12_cy7_vsechny_p_bok_d245_2021-05-13_15-08-44-MWL-Ex(750)-Em(830)_Frgrnd,05/13/2021,15:10:12,Frgrnd
streda_12_cy7_vsechny_p_bok_d29_2020-10-08_15-17-36-MWL-Ex(750)-Em(830)_Frgrnd,10/08/2020,15:19:05,Frgrnd
streda_12_cy7_vsechny_p_bok_d29_2020-10-08_15-21-41-MWL-Ex(750)-Em(830)_Frgrnd,10/08/2020,15:23:09,Frgrnd
streda_12_cy7_vsechny_p_bok_d57_2020-11-05_16-06-28-MWL-Ex(750)-Em(830)_Frgrnd,11/05/2020,16:07:57,Frgrnd
streda_12_cy7_vsechny_p_bok_d57_2020-11-05_16-10-10-MWL-Ex(750)-Em(830)_Frgrnd,11/05/2020,16:11:38,Frgrnd
streda_12_cy7_vsechny_p_bok_d70_2020-11-17_19-28-40-MWL-Ex(750)-Em(830)_Frgrnd,11/17/2020,19:30:08,Frgrnd
streda_12_cy7_vsechny_p_bok_d70_2020-11-17_19-32-21-MWL-Ex(750)-Em(830)_Frgrnd,11/17/2020,19:33:49,Frgrnd
streda_12_cy7_vsechny_p_bok_d85_2020-12-03_13-06-13-MWL-Ex(750)-Em(830)_Frgrnd,12/03/2020,13:07:41,Frgrnd
streda_12_cy7_vsechny_p_bok_d85_2020-12-03_13-09-25-MWL-Ex(750)-Em(830)_Frgrnd,12/03/2020,13:10:54,Frgrnd
streda_13_fyzak_vsechny_bricho_d150_2021-02-09_14-09-24-MWL-Ex(750)-Em(830)_Frgrnd,02/09/2021,14:10:53,Frgrnd
streda_13_fyzak_vsechny_l_bok_00h_2020-09-09_14-19-15-MWL-Ex(750)-Em(830)_Frgrnd,09/09/2020,14:20:43,Frgrnd
streda_13_fyzak_vsechny_l_bok_d150_2021-02-09_14-12-25-MWL-Ex(750)-Em(830)_Frgrnd,02/09/2021,14:13:53,Frgrnd
streda_13_fyzak_vsechny_p_bok_00h_2020-09-09_14-22-19-MWL-Ex(750)-Em(830)_Frgrnd,09/09/2020,14:23:47,Frgrnd
streda_13_fyzak_vsechny_p_bok_05h_2020-09-09_15-48-05-MWL-Ex(750)-Em(830)_Frgrnd,09/09/2020,15:49:34,Frgrnd
streda_13_fyzak_vsechny_p_bok_24h_2020-09-10_09-52-51-MWL-Ex(750)-Em(830)_Frgrnd,09/10/2020,09:54:19,Frgrnd
streda_13_fyzak_vsechny_p_bok_48h_2020-09-11_09-13-12-MWL-Ex(750)-Em(830)_Frgrnd,09/11/2020,09:15:07,Frgrnd
streda_13_fyzak_vsechny_p_bok_d05_2020-09-14_14-58-11-MWL-Ex(750)-Em(830)_Frgrnd,09/14/2020,15:00:06,Frgrnd
streda_13_fyzak_vsechny_p_bok_d120_2021-01-14_12-32-54-MWL-Ex(750)-Em(830)_Frgrnd,01/14/2021,12:34:48,Frgrnd
streda_13_fyzak_vsechny_p_bok_d150_2021-02-09_14-15-14-MWL-Ex(750)-Em(830)_Frgrnd,02/09/2021,14:16:43,Frgrnd
streda_13_fyzak_vsechny_p_bok_d15_2020-09-23_10-07-54-MWL-Ex(750)-Em(830)_Frgrnd,09/23/2020,10:09:49,Frgrnd
streda_13_fyzak_vsechny_p_bok_d180_2021-03-11_13-49-12-MWL-Ex(750)-Em(830)_Frgrnd,03/11/2021,13:50:41,Frgrnd
streda_13_fyzak_vsechny_p_bok_d180_2021-03-11_13-52-46-MWL-Ex(750)-Em(830)_Frgrnd,03/11/2021,13:54:14,Frgrnd
streda_13_fyzak_vsechny_p_bok_d29_2020-10-08_14-58-28-MWL-Ex(750)-Em(830)_Frgrnd,10/08/2020,14:59:39,Frgrnd
streda_13_fyzak_vsechny_p_bok_d57_2020-11-05_09-24-39-MWL-Ex(750)-Em(830)_Frgrnd,11/05/2020,09:26:07,Frgrnd
streda_13_fyzak_vsechny_p_bok_d70_2020-11-16_20-47-19-MWL-Ex(750)-Em(830)_Frgrnd,11/16/2020,20:49:13,Frgrnd
streda_13_fyzak_vsechny_p_bok_d70_2020-11-16_20-51-23-MWL-Ex(750)-Em(830)_Frgrnd,11/16/2020,20:52:52,Frgrnd
streda_13_fyzak_vsechny_p_bok_d85_2020-12-03_12-35-17-MWL-Ex(750)-Em(830)_Frgrnd,12/03/2020,12:36:46,Frgrnd
utery_06_e2_polymer_mys01_bricho_00h_2020-09-08_09-19-27-MWL-Ex(750)-Em(830)_Frgrnd,09/08/2020,09:21:22,Frgrnd
utery_06_e2_polymer_mys01_bricho_05h_2020-09-08_14-50-50-MWL-Ex(750)-Em(830)_Frgrnd,09/08/2020,14:52:19,Frgrnd
utery_06_e2_polymer_mys01_l_bok_00h_2020-09-08_09-22-31-MWL-Ex(750)-Em(830)_Frgrnd,09/08/2020,09:23:59,Frgrnd
utery_06_e2_polymer_mys01_l_bok_05h_2020-09-08_14-53-24-MWL-Ex(750)-Em(830)_Frgrnd,09/08/2020,14:54:52,Frgrnd
utery_06_e2_polymer_mys01_p_bok_00h_2020-09-08_09-26-03-MWL-Ex(750)-Em(830)_Frgrnd,09/08/2020,09:27:31,Frgrnd
utery_06_e2_polymer_mys01_p_bok_00h_2020-09-08_09-29-01-MWL-Ex(750)-Em(830)_Frgrnd,09/08/2020,09:30:29,Frgrnd
utery_06_e2_polymer_mys01_p_bok_05h_2020-09-08_14-41-51-MWL-Ex(750)-Em(830)_Frgrnd,09/08/2020,14:43:19,Frgrnd
utery_06_e2_polymer_mys01_p_bok_05h_2020-09-08_14-47-05-MWL-Ex(750)-Em(830)_Frgrnd,09/08/2020,14:48:35,Frgrnd
utery_06_e2_polymer_mys02_bricho_00h_2020-09-08_09-48-46-MWL-Ex(750)-Em(830)_Frgrnd,09/08/2020,09:50:40,Frgrnd
utery_06_e2_polymer_mys02_l_bok_00h_2020-09-08_09-51-49-MWL-Ex(750)-Em(830)_Frgrnd,09/08/2020,09:53:18,Frgrnd
utery_06_e2_polymer_mys02_mys03_bricho_05h_2020-09-08_15-22-27-MWL-Ex(750)-Em(830)_Frgrnd,09/08/2020,15:23:56,Frgrnd
utery_06_e2_polymer_mys02_mys03_l_bok_05h_2020-09-08_15-25-47-MWL-Ex(750)-Em(830)_Frgrnd,09/08/2020,15:27:15,Frgrnd
utery_06_e2_polymer_mys02_mys03_p_bok_05h_2020-09-08_15-34-50-MWL-Ex(750)-Em(830)_Frgrnd,09/08/2020,15:36:24,Frgrnd
utery_06_e2_polymer_mys03_bricho_00h_2020-09-08_10-05-44-MWL-Ex(750)-Em(830)_Frgrnd,09/08/2020,10:07:08,Frgrnd
utery_06_e2_polymer_mys03_l_bok_00h_2020-09-08_10-10-13-MWL-Ex(750)-Em(830)_Frgrnd,09/08/2020,10:11:41,Frgrnd
utery_06_e2_polymer_mys03_l_bok_00h_2020-09-08_10-22-43-MWL-Ex(750)-Em(830)_Frgrnd,09/08/2020,10:24:07,Frgrnd
utery_06_e2_polymer_mys03_p_bok_00h_2020-09-08_10-32-43-MWL-Ex(750)-Em(830)_Frgrnd,09/08/2020,10:34:17,Frgrnd
utery_06_e2_polymer_vsechny_bricho_24h_2020-09-09_10-44-47-MWL-Ex(750)-Em(830)_Frgrnd,09/09/2020,10:46:42,Frgrnd
utery_06_e2_polymer_vsechny_bricho_48h_2020-09-10_10-20-17-MWL-Ex(750)-Em(830)_Frgrnd,09/10/2020,10:22:12,Frgrnd
utery_06_e2_polymer_vsechny_bricho_72h_2020-09-11_10-14-35-MWL-Ex(750)-Em(830)_Frgrnd,09/11/2020,10:15:54,Frgrnd
utery_06_e2_polymer_vsechny_bricho_d07_2020-09-15_10-46-39-MWL-Ex(750)-Em(830)_Frgrnd,09/15/2020,10:48:07,Frgrnd
utery_06_e2_polymer_vsechny_bricho_d120_2021-01-08_13-54-34-MWL-Ex(750)-Em(830)_Frgrnd,01/08/2021,13:56:01,Frgrnd
utery_06_e2_polymer_vsechny_bricho_d150_2021-02-05_12-53-32-MWL-Ex(750)-Em(830)_Frgrnd,02/05/2021,12:54:51,Frgrnd
utery_06_e2_polymer_vsechny_bricho_d15_2020-09-23_10-22-36-MWL-Ex(750)-Em(830)_Frgrnd,09/23/2020,10:24:04,Frgrnd
utery_06_e2_polymer_vsechny_bricho_d180_2021-03-11_12-36-13-MWL-Ex(750)-Em(830)_Frgrnd,03/11/2021,12:38:07,Frgrnd
utery_06_e2_polymer_vsechny_bricho_d245_2021-05-13_13-36-28-MWL-Ex(750)-Em(830)_Frgrnd,05/13/2021,13:37:56,Frgrnd
utery_06_e2_polymer_vsechny_bricho_d29_2020-10-07_13-38-34-MWL-Ex(750)-Em(830)_Frgrnd,10/07/2020,13:40:29,Frgrnd
utery_06_e2_polymer_vsechny_bricho_d57_2020-11-03_13-34-36-MWL-Ex(750)-Em(830)_Frgrnd,11/03/2020,13:36:05,Frgrnd
utery_06_e2_polymer_vsechny_bricho_d70_2020-11-17_17-46-29-MWL-Ex(750)-Em(830)_Frgrnd,11/17/2020,17:47:57,Frgrnd
utery_06_e2_polymer_vsechny_bricho_d85_2020-12-03_13-20-21-MWL-Ex(750)-Em(830)_Frgrnd,12/03/2020,13:21:50,Frgrnd
utery_06_e2_polymer_vsechny_l_bok_24h_2020-09-09_10-48-16-MWL-Ex(750)-Em(830)_Frgrnd,09/09/2020,10:49:45,Frgrnd
utery_06_e2_polymer_vsechny_l_bok_48h_2020-09-10_10-24-25-MWL-Ex(750)-Em(830)_Frgrnd,09/10/2020,10:25:53,Frgrnd
utery_06_e2_polymer_vsechny_l_bok_d07_2020-09-15_10-50-27-MWL-Ex(750)-Em(830)_Frgrnd,09/15/2020,10:51:56,Frgrnd
utery_06_e2_polymer_vsechny_l_bok_d120_2021-01-08_13-58-47-MWL-Ex(750)-Em(830)_Frgrnd,01/08/2021,14:00:14,Frgrnd
utery_06_e2_polymer_vsechny_l_bok_d150_2021-02-05_12-56-20-MWL-Ex(750)-Em(830)_Frgrnd,02/05/2021,12:57:49,Frgrnd
utery_06_e2_polymer_vsechny_l_bok_d15_2020-09-23_10-32-16-MWL-Ex(750)-Em(830)_Frgrnd,09/23/2020,10:33:44,Frgrnd
utery_06_e2_polymer_vsechny_l_bok_d180_2021-03-11_12-39-55-MWL-Ex(750)-Em(830)_Frgrnd,03/11/2021,12:41:23,Frgrnd
utery_06_e2_polymer_vsechny_l_bok_d245_2021-05-13_13-39-11-MWL-Ex(750)-Em(830)_Frgrnd,05/13/2021,13:40:42,Frgrnd
utery_06_e2_polymer_vsechny_l_bok_d29_2020-10-07_13-42-05-MWL-Ex(750)-Em(830)_Frgrnd,10/07/2020,13:43:33,Frgrnd
utery_06_e2_polymer_vsechny_l_bok_d57_2020-11-03_13-37-39-MWL-Ex(750)-Em(830)_Frgrnd,11/03/2020,13:39:08,Frgrnd
utery_06_e2_polymer_vsechny_l_bok_d70_2020-11-17_17-49-53-MWL-Ex(750)-Em(830)_Frgrnd,11/17/2020,17:51:21,Frgrnd
utery_06_e2_polymer_vsechny_l_bok_d85_2020-12-03_13-25-04-MWL-Ex(750)-Em(830)_Frgrnd,12/03/2020,13:26:32,Frgrnd
utery_06_e2_polymer_vsechny_p_bok_24h_2020-09-09_10-58-59-MWL-Ex(750)-Em(830)_Frgrnd,09/09/2020,11:00:38,Frgrnd
utery_06_e2_polymer_vsechny_p_bok_24h_2020-09-09_11-02-22-MWL-Ex(750)-Em(830)_Frgrnd,09/09/2020,11:04:01,Frgrnd
utery_06_e2_polymer_vsechny_p_bok_72h_2020-09-11_10-20-02-MWL-Ex(750)-Em(830)_Frgrnd,09/11/2020,10:21:41,Frgrnd
utery_06_e2_polymer_vsechny_p_bok_72h_2020-09-11_10-23-56-MWL-Ex(750)-Em(830)_Frgrnd,09/11/2020,10:25:35,Frgrnd
utery_06_e2_polymer_vsechny_p_bok_d07_2020-09-15_11-00-16-MWL-Ex(750)-Em(830)_Frgrnd,09/15/2020,11:01:55,Frgrnd
utery_06_e2_polymer_vsechny_p_bok_d07_2020-09-15_11-03-54-MWL-Ex(750)-Em(830)_Frgrnd,09/15/2020,11:05:32,Frgrnd
utery_06_e2_polymer_vsechny_p_bok_d120_2021-01-08_13-48-25-MWL-Ex(750)-Em(830)_Frgrnd,01/08/2021,13:49:39,Frgrnd
utery_06_e2_polymer_vsechny_p_bok_d120_2021-01-08_13-51-14-MWL-Ex(750)-Em(830)_Frgrnd,01/08/2021,13:52:41,Frgrnd
utery_06_e2_polymer_vsechny_p_bok_d150_2021-02-05_12-59-22-MWL-Ex(750)-Em(830)_Frgrnd,02/05/2021,13:00:50,Frgrnd
utery_06_e2_polymer_vsechny_p_bok_d150_2021-02-05_13-02-40-MWL-Ex(750)-Em(830)_Frgrnd,02/05/2021,13:04:09,Frgrnd
utery_06_e2_polymer_vsechny_p_bok_d15_2020-09-23_11-53-57-MWL-Ex(750)-Em(830)_Frgrnd,09/23/2020,11:55:26,Frgrnd
utery_06_e2_polymer_vsechny_p_bok_d15_2020-09-23_11-58-16-MWL-Ex(750)-Em(830)_Frgrnd,09/23/2020,11:59:44,Frgrnd
utery_06_e2_polymer_vsechny_p_bok_d180_2021-03-11_12-42-50-MWL-Ex(750)-Em(830)_Frgrnd,03/11/2021,12:44:19,Frgrnd
utery_06_e2_polymer_vsechny_p_bok_d180_2021-03-11_12-46-31-MWL-Ex(750)-Em(830)_Frgrnd,03/11/2021,12:47:59,Frgrnd
utery_06_e2_polymer_vsechny_p_bok_d245_2021-05-13_13-46-40-MWL-Ex(750)-Em(830)_Frgrnd,05/13/2021,13:48:09,Frgrnd
utery_06_e2_polymer_vsechny_p_bok_d245_2021-05-13_13-50-19-MWL-Ex(750)-Em(830)_Frgrnd,05/13/2021,13:51:47,Frgrnd
utery_06_e2_polymer_vsechny_p_bok_d29_2020-10-07_13-46-23-MWL-Ex(750)-Em(830)_Frgrnd,10/07/2020,13:47:51,Frgrnd
utery_06_e2_polymer_vsechny_p_bok_d29_2020-10-07_13-49-28-MWL-Ex(750)-Em(830)_Frgrnd,10/07/2020,13:50:57,Frgrnd
utery_06_e2_polymer_vsechny_p_bok_d57_2020-11-03_13-43-40-MWL-Ex(750)-Em(830)_Frgrnd,11/03/2020,13:45:09,Frgrnd
utery_06_e2_polymer_vsechny_p_bok_d57_2020-11-03_13-47-27-MWL-Ex(750)-Em(830)_Frgrnd,11/03/2020,13:48:56,Frgrnd
utery_06_e2_polymer_vsechny_p_bok_d70_2020-11-17_17-53-32-MWL-Ex(750)-Em(830)_Frgrnd,11/17/2020,17:55:00,Frgrnd
utery_06_e2_polymer_vsechny_p_bok_d70_2020-11-17_17-59-46-MWL-Ex(750)-Em(830)_Frgrnd,11/17/2020,18:01:14,Frgrnd
utery_06_e2_polymer_vsechny_p_bok_d85_2020-12-03_13-28-44-MWL-Ex(750)-Em(830)_Frgrnd,12/03/2020,13:30:13,Frgrnd
utery_06_e2_polymer_vsechny_p_bok_d85_2020-12-03_13-31-49-MWL-Ex(750)-Em(830)_Frgrnd,12/03/2020,13:33:19,Frgrnd
utery_07_i2_polymer_mys01_bricho_00h_2020-09-08_10-38-54-MWL-Ex(750)-Em(830)_Frgrnd,09/08/2020,10:40:23,Frgrnd
utery_07_i2_polymer_mys01_bricho_05h_2020-09-08_15-45-01-MWL-Ex(750)-Em(830)_Frgrnd,09/08/2020,15:46:21,Frgrnd
utery_07_i2_polymer_mys01_l_bok_00h_2020-09-08_10-41-51-MWL-Ex(750)-Em(830)_Frgrnd,09/08/2020,10:43:22,Frgrnd
utery_07_i2_polymer_mys01_l_bok_05h_2020-09-08_15-47-45-MWL-Ex(750)-Em(830)_Frgrnd,09/08/2020,15:49:13,Frgrnd
utery_07_i2_polymer_mys01_p_bok_00h_2020-09-08_10-48-43-MWL-Ex(750)-Em(830)_Frgrnd,09/08/2020,10:50:12,Frgrnd
utery_07_i2_polymer_mys01_p_bok_00h_2020-09-08_10-52-41-MWL-Ex(750)-Em(830)_Frgrnd,09/08/2020,10:54:09,Frgrnd
utery_07_i2_polymer_mys01_p_bok_05h_2020-09-08_15-51-02-MWL-Ex(750)-Em(830)_Frgrnd,09/08/2020,15:52:31,Frgrnd
utery_07_i2_polymer_mys01_p_bok_05h_2020-09-08_15-53-47-MWL-Ex(750)-Em(830)_Frgrnd,09/08/2020,15:55:15,Frgrnd
utery_07_i2_polymer_mys02_bricho_00h_2020-09-08_11-23-18-MWL-Ex(750)-Em(830)_Frgrnd,09/08/2020,11:24:42,Frgrnd
utery_07_i2_polymer_mys02_bricho_05h_2020-09-08_17-24-50-MWL-Ex(750)-Em(830)_Frgrnd,09/08/2020,17:26:18,Frgrnd
utery_07_i2_polymer_mys02_l_bok_00h_2020-09-08_11-25-59-MWL-Ex(750)-Em(830)_Frgrnd,09/08/2020,11:27:27,Frgrnd
utery_07_i2_polymer_mys02_l_bok_05h_2020-09-08_17-27-47-MWL-Ex(750)-Em(830)_Frgrnd,09/08/2020,17:29:15,Frgrnd
utery_07_i2_polymer_mys02_p_bok_00h_2020-09-08_11-29-06-MWL-Ex(750)-Em(830)_Frgrnd,09/08/2020,11:30:34,Frgrnd
utery_07_i2_polymer_mys02_p_bok_00h_2020-09-08_11-31-48-MWL-Ex(750)-Em(830)_Frgrnd,09/08/2020,11:33:17,Frgrnd
utery_07_i2_polymer_mys02_p_bok_05h_2020-09-08_17-30-58-MWL-Ex(750)-Em(830)_Frgrnd,09/08/2020,17:32:26,Frgrnd
utery_07_i2_polymer_mys02_p_bok_05h_2020-09-08_17-33-57-MWL-Ex(750)-Em(830)_Frgrnd,09/08/2020,17:35:26,Frgrnd
utery_07_i2_polymer_mys03_bricho_00h_2020-09-08_12-03-02-MWL-Ex(750)-Em(830)_Frgrnd,09/08/2020,12:04:26,Frgrnd
utery_07_i2_polymer_mys03_bricho_05h_2020-09-08_17-44-06-MWL-Ex(750)-Em(830)_Frgrnd,09/08/2020,17:45:35,Frgrnd
utery_07_i2_polymer_mys03_l_bok_00h_2020-09-08_12-05-49-MWL-Ex(750)-Em(830)_Frgrnd,09/08/2020,12:07:17,Frgrnd
utery_07_i2_polymer_mys03_l_bok_05h_2020-09-08_17-47-05-MWL-Ex(750)-Em(830)_Frgrnd,09/08/2020,17:48:34,Frgrnd
utery_07_i2_polymer_mys03_p_bok_00h_2020-09-08_12-09-22-MWL-Ex(750)-Em(830)_Frgrnd,09/08/2020,12:10:50,Frgrnd
utery_07_i2_polymer_mys03_p_bok_00h_2020-09-08_12-12-12-MWL-Ex(750)-Em(830)_Frgrnd,09/08/2020,12:13:41,Frgrnd
utery_07_i2_polymer_mys03_p_bok_05h_2020-09-08_17-51-53-MWL-Ex(750)-Em(830)_Frgrnd,09/08/2020,17:53:21,Frgrnd
utery_07_i2_polymer_mys03_p_bok_05h_2020-09-08_17-55-01-MWL-Ex(750)-Em(830)_Frgrnd,09/08/2020,17:56:29,Frgrnd
utery_07_i2_polymer_vsechny_bricho_24h_2020-09-09_11-40-07-MWL-Ex(750)-Em(830)_Frgrnd,09/09/2020,11:41:35,Frgrnd
utery_07_i2_polymer_vsechny_bricho_48h_2020-09-10_10-45-10-MWL-Ex(750)-Em(830)_Frgrnd,09/10/2020,10:46:34,Frgrnd
utery_07_i2_polymer_vsechny_bricho_72h_2020-09-11_10-30-10-MWL-Ex(750)-Em(830)_Frgrnd,09/11/2020,10:31:38,Frgrnd
utery_07_i2_polymer_vsechny_bricho_d07_2020-09-15_11-17-24-MWL-Ex(750)-Em(830)_Frgrnd,09/15/2020,11:18:52,Frgrnd
utery_07_i2_polymer_vsechny_bricho_d120_2021-01-08_14-15-43-MWL-Ex(750)-Em(830)_Frgrnd,01/08/2021,14:17:11,Frgrnd
utery_07_i2_polymer_vsechny_bricho_d150_2021-02-05_13-10-29-MWL-Ex(750)-Em(830)_Frgrnd,02/05/2021,13:11:57,Frgrnd
utery_07_i2_polymer_vsechny_bricho_d15_2020-09-23_11-00-36-MWL-Ex(750)-Em(830)_Frgrnd,09/23/2020,11:02:04,Frgrnd
utery_07_i2_polymer_vsechny_bricho_d180_2021-03-11_12-53-10-MWL-Ex(750)-Em(830)_Frgrnd,03/11/2021,12:54:39,Frgrnd
utery_07_i2_polymer_vsechny_bricho_d245_2021-05-13_13-55-28-MWL-Ex(750)-Em(830)_Frgrnd,05/13/2021,13:56:56,Frgrnd
utery_07_i2_polymer_vsechny_bricho_d29_2020-10-07_14-14-40-MWL-Ex(750)-Em(830)_Frgrnd,10/07/2020,14:16:35,Frgrnd
utery_07_i2_polymer_vsechny_bricho_d57_2020-11-03_13-56-24-MWL-Ex(750)-Em(830)_Frgrnd,11/03/2020,13:57:52,Frgrnd
utery_07_i2_polymer_vsechny_bricho_d70_2020-11-17_18-06-49-MWL-Ex(750)-Em(830)_Frgrnd,11/17/2020,18:08:17,Frgrnd
utery_07_i2_polymer_vsechny_bricho_d85_2020-12-03_14-58-56-MWL-Ex(750)-Em(830)_Frgrnd,12/03/2020,15:00:51,Frgrnd
utery_07_i2_polymer_vsechny_l_bok_24h_2020-09-09_11-43-59-MWL-Ex(750)-Em(830)_Frgrnd,09/09/2020,11:45:27,Frgrnd
utery_07_i2_polymer_vsechny_l_bok_48h_2020-09-10_10-48-13-MWL-Ex(750)-Em(830)_Frgrnd,09/10/2020,10:49:42,Frgrnd
utery_07_i2_polymer_vsechny_l_bok_72h_2020-09-11_10-33-17-MWL-Ex(750)-Em(830)_Frgrnd,09/11/2020,10:34:45,Frgrnd
utery_07_i2_polymer_vsechny_l_bok_d07_2020-09-15_11-13-59-MWL-Ex(750)-Em(830)_Frgrnd,09/15/2020,11:15:13,Frgrnd
utery_07_i2_polymer_vsechny_l_bok_d120_2021-01-08_14-11-57-MWL-Ex(750)-Em(830)_Frgrnd,01/08/2021,14:13:24,Frgrnd
utery_07_i2_polymer_vsechny_l_bok_d150_2021-02-05_13-13-54-MWL-Ex(750)-Em(830)_Frgrnd,02/05/2021,13:15:23,Frgrnd
utery_07_i2_polymer_vsechny_l_bok_d15_2020-09-23_11-04-41-MWL-Ex(750)-Em(830)_Frgrnd,09/23/2020,11:06:10,Frgrnd
utery_07_i2_polymer_vsechny_l_bok_d180_2021-03-11_12-56-11-MWL-Ex(750)-Em(830)_Frgrnd,03/11/2021,12:57:39,Frgrnd
utery_07_i2_polymer_vsechny_l_bok_d245_2021-05-13_13-58-42-MWL-Ex(750)-Em(830)_Frgrnd,05/13/2021,14:00:11,Frgrnd
utery_07_i2_polymer_vsechny_l_bok_d29_2020-10-07_14-18-14-MWL-Ex(750)-Em(830)_Frgrnd,10/07/2020,14:19:42,Frgrnd
utery_07_i2_polymer_vsechny_l_bok_d57_2020-11-03_13-59-28-MWL-Ex(750)-Em(830)_Frgrnd,11/03/2020,14:00:56,Frgrnd
utery_07_i2_polymer_vsechny_l_bok_d70_2020-11-17_18-16-43-MWL-Ex(750)-Em(830)_Frgrnd,11/17/2020,18:18:11,Frgrnd
utery_07_i2_polymer_vsechny_l_bok_d85_2020-12-03_15-03-02-MWL-Ex(750)-Em(830)_Frgrnd,12/03/2020,15:04:31,Frgrnd
utery_07_i2_polymer_vsechny_p_bok_24h_2020-09-09_11-47-31-MWL-Ex(750)-Em(830)_Frgrnd,09/09/2020,11:49:00,Frgrnd
utery_07_i2_polymer_vsechny_p_bok_24h_2020-09-09_11-50-50-MWL-Ex(750)-Em(830)_Frgrnd,09/09/2020,11:52:18,Frgrnd
utery_07_i2_polymer_vsechny_p_bok_48h_2020-09-10_10-52-17-MWL-Ex(750)-Em(830)_Frgrnd,09/10/2020,10:53:46,Frgrnd
utery_07_i2_polymer_vsechny_p_bok_48h_2020-09-10_10-55-40-MWL-Ex(750)-Em(830)_Frgrnd,09/10/2020,10:57:08,Frgrnd
utery_07_i2_polymer_vsechny_p_bok_72h_2020-09-11_10-39-47-MWL-Ex(750)-Em(830)_Frgrnd,09/11/2020,10:41:15,Frgrnd
utery_07_i2_polymer_vsechny_p_bok_72h_2020-09-11_10-43-25-MWL-Ex(750)-Em(830)_Frgrnd,09/11/2020,10:44:54,Frgrnd
utery_07_i2_polymer_vsechny_p_bok_d07_2020-09-15_11-21-12-MWL-Ex(750)-Em(830)_Frgrnd,09/15/2020,11:22:41,Frgrnd
utery_07_i2_polymer_vsechny_p_bok_d07_2020-09-15_11-24-28-MWL-Ex(750)-Em(830)_Frgrnd,09/15/2020,11:25:56,Frgrnd
utery_07_i2_polymer_vsechny_p_bok_d120_2021-01-08_14-04-45-MWL-Ex(750)-Em(830)_Frgrnd,01/08/2021,14:06:12,Frgrnd
utery_07_i2_polymer_vsechny_p_bok_d120_2021-01-08_14-08-10-MWL-Ex(750)-Em(830)_Frgrnd,01/08/2021,14:09:38,Frgrnd
utery_07_i2_polymer_vsechny_p_bok_d150_2021-02-05_13-19-03-MWL-Ex(750)-Em(830)_Frgrnd,02/05/2021,13:20:32,Frgrnd
utery_07_i2_polymer_vsechny_p_bok_d150_2021-02-05_13-22-14-MWL-Ex(750)-Em(830)_Frgrnd,02/05/2021,13:23:42,Frgrnd
utery_07_i2_polymer_vsechny_p_bok_d15_2020-09-23_11-09-33-MWL-Ex(750)-Em(830)_Frgrnd,09/23/2020,11:11:01,Frgrnd
utery_07_i2_polymer_vsechny_p_bok_d15_2020-09-23_11-13-53-MWL-Ex(750)-Em(830)_Frgrnd,09/23/2020,11:15:21,Frgrnd
utery_07_i2_polymer_vsechny_p_bok_d180_2021-03-11_12-59-10-MWL-Ex(750)-Em(830)_Frgrnd,03/11/2021,13:00:41,Frgrnd
utery_07_i2_polymer_vsechny_p_bok_d180_2021-03-11_13-06-09-MWL-Ex(750)-Em(830)_Frgrnd,03/11/2021,13:07:38,Frgrnd
utery_07_i2_polymer_vsechny_p_bok_d245_2021-05-13_14-02-21-MWL-Ex(750)-Em(830)_Frgrnd,05/13/2021,14:03:50,Frgrnd
utery_07_i2_polymer_vsechny_p_bok_d245_2021-05-13_14-05-17-MWL-Ex(750)-Em(830)_Frgrnd,05/13/2021,14:06:45,Frgrnd
utery_07_i2_polymer_vsechny_p_bok_d29_2020-10-07_14-24-40-MWL-Ex(750)-Em(830)_Frgrnd,10/07/2020,14:26:09,Frgrnd
utery_07_i2_polymer_vsechny_p_bok_d29_2020-10-07_14-28-30-MWL-Ex(750)-Em(830)_Frgrnd,10/07/2020,14:29:59,Frgrnd
utery_07_i2_polymer_vsechny_p_bok_d57_2020-11-03_14-08-03-MWL-Ex(750)-Em(830)_Frgrnd,11/03/2020,14:09:31,Frgrnd
utery_07_i2_polymer_vsechny_p_bok_d57_2020-11-03_14-14-05-MWL-Ex(750)-Em(830)_Frgrnd,11/03/2020,14:15:33,Frgrnd
utery_07_i2_polymer_vsechny_p_bok_d70_2020-11-17_18-26-17-MWL-Ex(750)-Em(830)_Frgrnd,11/17/2020,18:27:45,Frgrnd
utery_07_i2_polymer_vsechny_p_bok_d70_2020-11-17_18-30-39-MWL-Ex(750)-Em(830)_Frgrnd,11/17/2020,18:32:08,Frgrnd
utery_07_i2_polymer_vsechny_p_bok_d85_2020-12-03_15-06-05-MWL-Ex(750)-Em(830)_Frgrnd,12/03/2020,15:07:34,Frgrnd
utery_07_i2_polymer_vsechny_p_bok_d85_2020-12-03_15-09-11-MWL-Ex(750)-Em(830)_Frgrnd,12/03/2020,15:10:39,Frgrnd
utery_08_f1_polymer_mys01_bricho_00h_2020-09-08_12-47-40-MWL-Ex(750)-Em(830)_Frgrnd,09/08/2020,12:49:04,Frgrnd
utery_08_f1_polymer_mys01_bricho_05h_2020-09-08_18-21-16-MWL-Ex(750)-Em(830)_Frgrnd,09/08/2020,18:22:35,Frgrnd
utery_08_f1_polymer_mys01_l_bok_00h_2020-09-08_12-50-59-MWL-Ex(750)-Em(830)_Frgrnd,09/08/2020,12:52:28,Frgrnd
utery_08_f1_polymer_mys01_l_bok_05h_2020-09-08_18-23-54-MWL-Ex(750)-Em(830)_Frgrnd,09/08/2020,18:25:23,Frgrnd
utery_08_f1_polymer_mys01_p_bok_00h_2020-09-08_12-53-55-MWL-Ex(750)-Em(830)_Frgrnd,09/08/2020,12:55:23,Frgrnd
utery_08_f1_polymer_mys01_p_bok_00h_2020-09-08_12-56-47-MWL-Ex(750)-Em(830)_Frgrnd,09/08/2020,12:58:15,Frgrnd
utery_08_f1_polymer_mys01_p_bok_05h_2020-09-08_18-27-54-MWL-Ex(750)-Em(830)_Frgrnd,09/08/2020,18:29:23,Frgrnd
utery_08_f1_polymer_mys01_p_bok_05h_2020-09-08_18-30-37-MWL-Ex(750)-Em(830)_Frgrnd,09/08/2020,18:32:05,Frgrnd
utery_08_f1_polymer_mys02_bricho_00h_2020-09-08_13-46-17-MWL-Ex(750)-Em(830)_Frgrnd,09/08/2020,13:47:41,Frgrnd
utery_08_f1_polymer_mys02_bricho_05h_2020-09-08_18-56-18-MWL-Ex(750)-Em(830)_Frgrnd,09/08/2020,18:57:47,Frgrnd
utery_08_f1_polymer_mys02_l_bok_00h_2020-09-08_13-49-20-MWL-Ex(750)-Em(830)_Frgrnd,09/08/2020,13:50:49,Frgrnd
utery_08_f1_polymer_mys02_l_bok_05h_2020-09-08_18-59-02-MWL-Ex(750)-Em(830)_Frgrnd,09/08/2020,19:00:31,Frgrnd
utery_08_f1_polymer_mys02_p_bok_00h_2020-09-08_13-55-29-MWL-Ex(750)-Em(830)_Frgrnd,09/08/2020,13:56:58,Frgrnd
utery_08_f1_polymer_mys02_p_bok_00h_2020-09-08_13-58-58-MWL-Ex(750)-Em(830)_Frgrnd,09/08/2020,14:00:26,Frgrnd
utery_08_f1_polymer_mys02_p_bok_05h_2020-09-08_19-01-48-MWL-Ex(750)-Em(830)_Frgrnd,09/08/2020,19:03:16,Frgrnd
utery_08_f1_polymer_mys02_p_bok_05h_2020-09-08_19-04-27-MWL-Ex(750)-Em(830)_Frgrnd,09/08/2020,19:05:56,Frgrnd
utery_08_f1_polymer_mys03_bricho_00h_2020-09-08_14-08-08-MWL-Ex(750)-Em(830)_Frgrnd,09/08/2020,14:09:37,Frgrnd
utery_08_f1_polymer_mys03_bricho_05h_2020-09-08_19-19-38-MWL-Ex(750)-Em(830)_Frgrnd,09/08/2020,19:21:33,Frgrnd
utery_08_f1_polymer_mys03_l_bok_00h_2020-09-08_14-11-19-MWL-Ex(750)-Em(830)_Frgrnd,09/08/2020,14:12:48,Frgrnd
utery_08_f1_polymer_mys03_l_bok_05h_2020-09-08_19-23-02-MWL-Ex(750)-Em(830)_Frgrnd,09/08/2020,19:24:31,Frgrnd
utery_08_f1_polymer_mys03_p_bok_00h_2020-09-08_14-17-26-MWL-Ex(750)-Em(830)_Frgrnd,09/08/2020,14:18:55,Frgrnd
utery_08_f1_polymer_mys03_p_bok_00h_2020-09-08_14-20-42-MWL-Ex(750)-Em(830)_Frgrnd,09/08/2020,14:22:11,Frgrnd
utery_08_f1_polymer_mys03_p_bok_05h_2020-09-08_19-26-02-MWL-Ex(750)-Em(830)_Frgrnd,09/08/2020,19:27:30,Frgrnd
utery_08_f1_polymer_mys03_p_bok_05h_2020-09-08_19-28-41-MWL-Ex(750)-Em(830)_Frgrnd,09/08/2020,19:30:09,Frgrnd
utery_08_f1_polymer_vsechny_bricho_24h_2020-09-09_13-26-52-MWL-Ex(750)-Em(830)_Frgrnd,09/09/2020,13:28:20,Frgrnd
utery_08_f1_polymer_vsechny_bricho_48h_2020-09-10_12-16-20-MWL-Ex(750)-Em(830)_Frgrnd,09/10/2020,12:17:48,Frgrnd
utery_08_f1_polymer_vsechny_bricho_72h_2020-09-11_10-52-23-MWL-Ex(750)-Em(830)_Frgrnd,09/11/2020,10:53:53,Frgrnd
utery_08_f1_polymer_vsechny_bricho_d07_2020-09-15_11-31-18-MWL-Ex(750)-Em(830)_Frgrnd,09/15/2020,11:32:47,Frgrnd
utery_08_f1_polymer_vsechny_bricho_d120_2021-01-08_14-33-14-MWL-Ex(750)-Em(830)_Frgrnd,01/08/2021,14:34:41,Frgrnd
utery_08_f1_polymer_vsechny_bricho_d150_2021-02-05_13-27-28-MWL-Ex(750)-Em(830)_Frgrnd,02/05/2021,13:28:57,Frgrnd
utery_08_f1_polymer_vsechny_bricho_d15_2020-09-23_11-29-29-MWL-Ex(750)-Em(830)_Frgrnd,09/23/2020,11:31:24,Frgrnd
utery_08_f1_polymer_vsechny_bricho_d180_2021-03-11_13-10-51-MWL-Ex(750)-Em(830)_Frgrnd,03/11/2021,13:12:20,Frgrnd
utery_08_f1_polymer_vsechny_bricho_d245_2021-05-13_14-14-34-MWL-Ex(750)-Em(830)_Frgrnd,05/13/2021,14:16:29,Frgrnd
utery_08_f1_polymer_vsechny_bricho_d29_2020-10-07_12-16-52-MWL-Ex(750)-Em(830)_Frgrnd,10/07/2020,12:18:46,Frgrnd
utery_08_f1_polymer_vsechny_bricho_d57_2020-11-03_15-05-55-MWL-Ex(750)-Em(830)_Frgrnd,11/03/2020,15:07:24,Frgrnd
utery_08_f1_polymer_vsechny_bricho_d70_2020-11-17_18-37-05-MWL-Ex(750)-Em(830)_Frgrnd,11/17/2020,18:38:34,Frgrnd
utery_08_f1_polymer_vsechny_bricho_d85_2020-12-03_15-17-24-MWL-Ex(750)-Em(830)_Frgrnd,12/03/2020,15:18:52,Frgrnd
utery_08_f1_polymer_vsechny_l_bok_24h_2020-09-09_13-30-11-MWL-Ex(750)-Em(830)_Frgrnd,09/09/2020,13:31:39,Frgrnd
utery_08_f1_polymer_vsechny_l_bok_48h_2020-09-10_12-20-07-MWL-Ex(750)-Em(830)_Frgrnd,09/10/2020,12:21:35,Frgrnd
utery_08_f1_polymer_vsechny_l_bok_72h_2020-09-11_10-55-38-MWL-Ex(750)-Em(830)_Frgrnd,09/11/2020,10:57:06,Frgrnd
utery_08_f1_polymer_vsechny_l_bok_d07_2020-09-15_11-36-47-MWL-Ex(750)-Em(830)_Frgrnd,09/15/2020,11:38:16,Frgrnd
utery_08_f1_polymer_vsechny_l_bok_d120_2021-01-08_14-30-15-MWL-Ex(750)-Em(830)_Frgrnd,01/08/2021,14:31:42,Frgrnd
utery_08_f1_polymer_vsechny_l_bok_d150_2021-02-05_13-30-51-MWL-Ex(750)-Em(830)_Frgrnd,02/05/2021,13:32:19,Frgrnd
utery_08_f1_polymer_vsechny_l_bok_d15_2020-09-23_11-32-49-MWL-Ex(750)-Em(830)_Frgrnd,09/23/2020,11:34:18,Frgrnd
utery_08_f1_polymer_vsechny_l_bok_d180_2021-03-11_13-20-23-MWL-Ex(750)-Em(830)_Frgrnd,03/11/2021,13:21:52,Frgrnd
utery_08_f1_polymer_vsechny_l_bok_d245_2021-05-13_14-17-50-MWL-Ex(750)-Em(830)_Frgrnd,05/13/2021,14:19:19,Frgrnd
utery_08_f1_polymer_vsechny_l_bok_d29_2020-10-07_12-20-50-MWL-Ex(750)-Em(830)_Frgrnd,10/07/2020,12:22:19,Frgrnd
utery_08_f1_polymer_vsechny_l_bok_d57_2020-11-03_15-10-59-MWL-Ex(750)-Em(830)_Frgrnd,11/03/2020,15:12:29,Frgrnd
utery_08_f1_polymer_vsechny_l_bok_d70_2020-11-17_18-43-47-MWL-Ex(750)-Em(830)_Frgrnd,11/17/2020,18:45:41,Frgrnd
utery_08_f1_polymer_vsechny_l_bok_d85_2020-12-03_15-20-28-MWL-Ex(750)-Em(830)_Frgrnd,12/03/2020,15:21:57,Frgrnd
utery_08_f1_polymer_vsechny_p_bok_24h_2020-09-09_13-33-04-MWL-Ex(750)-Em(830)_Frgrnd,09/09/2020,13:34:32,Frgrnd
utery_08_f1_polymer_vsechny_p_bok_24h_2020-09-09_13-36-41-MWL-Ex(750)-Em(830)_Frgrnd,09/09/2020,13:38:09,Frgrnd
utery_08_f1_polymer_vsechny_p_bok_48h_2020-09-10_12-23-14-MWL-Ex(750)-Em(830)_Frgrnd,09/10/2020,12:24:43,Frgrnd
utery_08_f1_polymer_vsechny_p_bok_48h_2020-09-10_12-26-50-MWL-Ex(750)-Em(830)_Frgrnd,09/10/2020,12:28:19,Frgrnd
utery_08_f1_polymer_vsechny_p_bok_72h_2020-09-11_10-58-48-MWL-Ex(750)-Em(830)_Frgrnd,09/11/2020,11:00:17,Frgrnd
utery_08_f1_polymer_vsechny_p_bok_72h_2020-09-11_11-03-46-MWL-Ex(750)-Em(830)_Frgrnd,09/11/2020,11:05:14,Frgrnd
utery_08_f1_polymer_vsechny_p_bok_d07_2020-09-15_11-44-37-MWL-Ex(750)-Em(830)_Frgrnd,09/15/2020,11:46:06,Frgrnd
utery_08_f1_polymer_vsechny_p_bok_d07_2020-09-15_11-48-09-MWL-Ex(750)-Em(830)_Frgrnd,09/15/2020,11:49:38,Frgrnd
utery_08_f1_polymer_vsechny_p_bok_d120_2021-01-08_14-22-36-MWL-Ex(750)-Em(830)_Frgrnd,01/08/2021,14:24:04,Frgrnd
utery_08_f1_polymer_vsechny_p_bok_d120_2021-01-08_14-25-59-MWL-Ex(750)-Em(830)_Frgrnd,01/08/2021,14:27:27,Frgrnd
utery_08_f1_polymer_vsechny_p_bok_d150_2021-02-05_13-37-41-MWL-Ex(750)-Em(830)_Frgrnd,02/05/2021,13:39:10,Frgrnd
utery_08_f1_polymer_vsechny_p_bok_d150_2021-02-05_13-41-18-MWL-Ex(750)-Em(830)_Frgrnd,02/05/2021,13:42:47,Frgrnd
utery_08_f1_polymer_vsechny_p_bok_d15_2020-09-23_11-39-27-MWL-Ex(750)-Em(830)_Frgrnd,09/23/2020,11:40:55,Frgrnd
utery_08_f1_polymer_vsechny_p_bok_d15_2020-09-23_11-42-56-MWL-Ex(750)-Em(830)_Frgrnd,09/23/2020,11:44:25,Frgrnd
utery_08_f1_polymer_vsechny_p_bok_d180_2021-03-11_13-13-56-MWL-Ex(750)-Em(830)_Frgrnd,03/11/2021,13:15:24,Frgrnd
utery_08_f1_polymer_vsechny_p_bok_d180_2021-03-11_13-17-02-MWL-Ex(750)-Em(830)_Frgrnd,03/11/2021,13:18:31,Frgrnd
utery_08_f1_polymer_vsechny_p_bok_d245_2021-05-13_14-20-46-MWL-Ex(750)-Em(830)_Frgrnd,05/13/2021,14:22:15,Frgrnd
utery_08_f1_polymer_vsechny_p_bok_d245_2021-05-13_14-23-38-MWL-Ex(750)-Em(830)_Frgrnd,05/13/2021,14:25:07,Frgrnd
utery_08_f1_polymer_vsechny_p_bok_d29_2020-10-07_12-29-26-MWL-Ex(750)-Em(830)_Frgrnd,10/07/2020,12:30:54,Frgrnd
utery_08_f1_polymer_vsechny_p_bok_d29_2020-10-07_12-33-25-MWL-Ex(750)-Em(830)_Frgrnd,10/07/2020,12:34:53,Frgrnd
utery_08_f1_polymer_vsechny_p_bok_d57_2020-11-03_15-15-15-MWL-Ex(750)-Em(830)_Frgrnd,11/03/2020,15:16:43,Frgrnd
utery_08_f1_polymer_vsechny_p_bok_d57_2020-11-03_15-18-25-MWL-Ex(750)-Em(830)_Frgrnd,11/03/2020,15:19:54,Frgrnd
utery_08_f1_polymer_vsechny_p_bok_d70_2020-11-17_18-47-53-MWL-Ex(750)-Em(830)_Frgrnd,11/17/2020,18:49:21,Frgrnd
utery_08_f1_polymer_vsechny_p_bok_d70_2020-11-17_18-51-35-MWL-Ex(750)-Em(830)_Frgrnd,11/17/2020,18:53:03,Frgrnd
utery_08_f1_polymer_vsechny_p_bok_d85_2020-12-03_15-23-29-MWL-Ex(750)-Em(830)_Frgrnd,12/03/2020,15:24:57,Frgrnd
utery_08_f1_polymer_vsechny_p_bok_d85_2020-12-03_15-26-30-MWL-Ex(750)-Em(830)_Frgrnd,12/03/2020,15:27:59,Frgrnd
utery_09_p1_polymer_mys01_bricho_00h_2020-09-08_14-28-05-MWL-Ex(750)-Em(830)_Frgrnd,09/08/2020,14:29:33,Frgrnd
utery_09_p1_polymer_mys01_bricho_05h_2020-09-08_19-50-06-MWL-Ex(750)-Em(830)_Frgrnd,09/08/2020,19:51:35,Frgrnd
utery_09_p1_polymer_mys01_l_bok_00h_2020-09-08_14-31-03-MWL-Ex(750)-Em(830)_Frgrnd,09/08/2020,14:32:31,Frgrnd
utery_09_p1_polymer_mys01_l_bok_05h_2020-09-08_19-52-49-MWL-Ex(750)-Em(830)_Frgrnd,09/08/2020,19:54:18,Frgrnd
utery_09_p1_polymer_mys01_p_bok_00h_2020-09-08_14-34-00-MWL-Ex(750)-Em(830)_Frgrnd,09/08/2020,14:35:29,Frgrnd
utery_09_p1_polymer_mys01_p_bok_00h_2020-09-08_14-37-10-MWL-Ex(750)-Em(830)_Frgrnd,09/08/2020,14:38:40,Frgrnd
utery_09_p1_polymer_mys01_p_bok_05h_2020-09-08_19-55-26-MWL-Ex(750)-Em(830)_Frgrnd,09/08/2020,19:56:54,Frgrnd
utery_09_p1_polymer_mys01_p_bok_05h_2020-09-08_19-58-12-MWL-Ex(750)-Em(830)_Frgrnd,09/08/2020,19:59:40,Frgrnd
utery_09_p1_polymer_mys02_bricho_00h_2020-09-08_15-58-31-MWL-Ex(750)-Em(830)_Frgrnd,09/08/2020,15:59:59,Frgrnd
utery_09_p1_polymer_mys02_bricho_05h_2020-09-08_20-33-55-MWL-Ex(750)-Em(830)_Frgrnd,09/08/2020,20:35:49,Frgrnd
utery_09_p1_polymer_mys02_l_bok_00h_2020-09-08_16-01-13-MWL-Ex(750)-Em(830)_Frgrnd,09/08/2020,16:02:41,Frgrnd
utery_09_p1_polymer_mys02_l_bok_05h_2020-09-08_20-37-13-MWL-Ex(750)-Em(830)_Frgrnd,09/08/2020,20:38:41,Frgrnd
utery_09_p1_polymer_mys02_p_bok_00h_2020-09-08_16-10-21-MWL-Ex(750)-Em(830)_Frgrnd,09/08/2020,16:11:56,Frgrnd
utery_09_p1_polymer_mys02_p_bok_05h_2020-09-08_20-42-53-MWL-Ex(750)-Em(830)_Frgrnd,09/08/2020,20:44:22,Frgrnd
utery_09_p1_polymer_mys02_p_bok_05h_2020-09-08_20-46-01-MWL-Ex(750)-Em(830)_Frgrnd,09/08/2020,20:47:29,Frgrnd
utery_09_p1_polymer_mys03_bricho_00h_2020-09-08_17-06-08-MWL-Ex(750)-Em(830)_Frgrnd,09/08/2020,17:07:37,Frgrnd
utery_09_p1_polymer_mys03_bricho_05h_2020-09-08_20-51-08-MWL-Ex(750)-Em(830)_Frgrnd,09/08/2020,20:52:36,Frgrnd
utery_09_p1_polymer_mys03_l_bok_00h_2020-09-08_17-08-57-MWL-Ex(750)-Em(830)_Frgrnd,09/08/2020,17:10:26,Frgrnd
utery_09_p1_polymer_mys03_l_bok_05h_2020-09-08_20-56-48-MWL-Ex(750)-Em(830)_Frgrnd,09/08/2020,20:58:16,Frgrnd
utery_09_p1_polymer_mys03_p_bok_00h_2020-09-08_17-17-09-MWL-Ex(750)-Em(830)_Frgrnd,09/08/2020,17:18:43,Frgrnd
utery_09_p1_polymer_mys03_p_bok_05h_2020-09-08_21-05-19-MWL-Ex(750)-Em(830)_Frgrnd,09/08/2020,21:06:57,Frgrnd
utery_09_p1_polymer_mys03_p_bok_05h_2020-09-08_21-08-22-MWL-Ex(750)-Em(830)_Frgrnd,09/08/2020,21:10:01,Frgrnd
utery_09_p1_polymer_vsechny_bricho_24h_2020-09-09_15-33-19-MWL-Ex(750)-Em(830)_Frgrnd,09/09/2020,15:34:47,Frgrnd
utery_09_p1_polymer_vsechny_bricho_48h_2020-09-10_12-34-17-MWL-Ex(750)-Em(830)_Frgrnd,09/10/2020,12:35:45,Frgrnd
utery_09_p1_polymer_vsechny_bricho_72h_2020-09-11_11-08-56-MWL-Ex(750)-Em(830)_Frgrnd,09/11/2020,11:10:24,Frgrnd
utery_09_p1_polymer_vsechny_bricho_d07_2020-09-15_11-54-10-MWL-Ex(750)-Em(830)_Frgrnd,09/15/2020,11:55:38,Frgrnd
utery_09_p1_polymer_vsechny_bricho_d120_2021-01-08_14-46-16-MWL-Ex(750)-Em(830)_Frgrnd,01/08/2021,14:47:43,Frgrnd
utery_09_p1_polymer_vsechny_bricho_d150_2021-02-05_13-47-41-MWL-Ex(750)-Em(830)_Frgrnd,02/05/2021,13:49:09,Frgrnd
utery_09_p1_polymer_vsechny_bricho_d15_2020-09-23_12-11-53-MWL-Ex(750)-Em(830)_Frgrnd,09/23/2020,12:13:21,Frgrnd
utery_09_p1_polymer_vsechny_bricho_d180_2021-03-11_13-27-28-MWL-Ex(750)-Em(830)_Frgrnd,03/11/2021,13:28:57,Frgrnd
utery_09_p1_polymer_vsechny_bricho_d245_2021-05-13_14-29-24-MWL-Ex(750)-Em(830)_Frgrnd,05/13/2021,14:30:52,Frgrnd
utery_09_p1_polymer_vsechny_bricho_d29_2020-10-07_12-42-46-MWL-Ex(750)-Em(830)_Frgrnd,10/07/2020,12:44:15,Frgrnd
utery_09_p1_polymer_vsechny_bricho_d57_2020-11-03_14-38-24-MWL-Ex(750)-Em(830)_Frgrnd,11/03/2020,14:40:19,Frgrnd
utery_09_p1_polymer_vsechny_bricho_d57_2020-11-05_09-14-01-MWL-Ex(750)-Em(830)_Frgrnd,11/05/2020,09:15:29,Frgrnd
utery_09_p1_polymer_vsechny_bricho_d70_2020-11-17_18-59-34-MWL-Ex(750)-Em(830)_Frgrnd,11/17/2020,19:01:02,Frgrnd
utery_09_p1_polymer_vsechny_bricho_d85_2020-12-04_15-19-40-MWL-Ex(750)-Em(830)_Frgrnd,12/04/2020,15:21:04,Frgrnd
utery_09_p1_polymer_vsechny_l_bok_24h_2020-09-09_15-36-17-MWL-Ex(750)-Em(830)_Frgrnd,09/09/2020,15:37:45,Frgrnd
utery_09_p1_polymer_vsechny_l_bok_48h_2020-09-10_12-37-27-MWL-Ex(750)-Em(830)_Frgrnd,09/10/2020,12:38:55,Frgrnd
utery_09_p1_polymer_vsechny_l_bok_72h_2020-09-11_11-12-02-MWL-Ex(750)-Em(830)_Frgrnd,09/11/2020,11:13:30,Frgrnd
utery_09_p1_polymer_vsechny_l_bok_d07_2020-09-15_11-58-17-MWL-Ex(750)-Em(830)_Frgrnd,09/15/2020,11:59:45,Frgrnd
utery_09_p1_polymer_vsechny_l_bok_d120_2021-01-08_14-49-12-MWL-Ex(750)-Em(830)_Frgrnd,01/08/2021,14:50:39,Frgrnd
utery_09_p1_polymer_vsechny_l_bok_d150_2021-02-05_13-52-20-MWL-Ex(750)-Em(830)_Frgrnd,02/05/2021,13:53:48,Frgrnd
utery_09_p1_polymer_vsechny_l_bok_d15_2020-09-23_12-15-27-MWL-Ex(750)-Em(830)_Frgrnd,09/23/2020,12:16:56,Frgrnd
utery_09_p1_polymer_vsechny_l_bok_d180_2021-03-11_13-31-01-MWL-Ex(750)-Em(830)_Frgrnd,03/11/2021,13:32:14,Frgrnd
utery_09_p1_polymer_vsechny_l_bok_d245_2021-05-13_14-32-11-MWL-Ex(750)-Em(830)_Frgrnd,05/13/2021,14:33:40,Frgrnd
utery_09_p1_polymer_vsechny_l_bok_d29_2020-10-07_12-47-35-MWL-Ex(750)-Em(830)_Frgrnd,10/07/2020,12:49:04,Frgrnd
utery_09_p1_polymer_vsechny_l_bok_d57_2020-11-03_14-44-47-MWL-Ex(750)-Em(830)_Frgrnd,11/03/2020,14:46:15,Frgrnd
utery_09_p1_polymer_vsechny_l_bok_d57_2020-11-05_09-16-37-MWL-Ex(750)-Em(830)_Frgrnd,11/05/2020,09:18:06,Frgrnd
utery_09_p1_polymer_vsechny_l_bok_d70_2020-11-17_19-03-21-MWL-Ex(750)-Em(830)_Frgrnd,11/17/2020,19:04:49,Frgrnd
utery_09_p1_polymer_vsechny_l_bok_d85_2020-12-04_15-22-45-MWL-Ex(750)-Em(830)_Frgrnd,12/04/2020,15:24:14,Frgrnd
utery_09_p1_polymer_vsechny_p_bok_24h_2020-09-09_15-39-28-MWL-Ex(750)-Em(830)_Frgrnd,09/09/2020,15:40:56,Frgrnd
utery_09_p1_polymer_vsechny_p_bok_24h_2020-09-09_15-42-33-MWL-Ex(750)-Em(830)_Frgrnd,09/09/2020,15:44:01,Frgrnd
utery_09_p1_polymer_vsechny_p_bok_48h_2020-09-10_12-40-32-MWL-Ex(750)-Em(830)_Frgrnd,09/10/2020,12:42:00,Frgrnd
utery_09_p1_polymer_vsechny_p_bok_48h_2020-09-10_12-43-55-MWL-Ex(750)-Em(830)_Frgrnd,09/10/2020,12:45:23,Frgrnd
utery_09_p1_polymer_vsechny_p_bok_72h_2020-09-11_11-15-01-MWL-Ex(750)-Em(830)_Frgrnd,09/11/2020,11:16:29,Frgrnd
utery_09_p1_polymer_vsechny_p_bok_72h_2020-09-11_11-18-10-MWL-Ex(750)-Em(830)_Frgrnd,09/11/2020,11:19:38,Frgrnd
utery_09_p1_polymer_vsechny_p_bok_d07_2020-09-15_12-01-45-MWL-Ex(750)-Em(830)_Frgrnd,09/15/2020,12:03:14,Frgrnd
utery_09_p1_polymer_vsechny_p_bok_d07_2020-09-15_12-05-22-MWL-Ex(750)-Em(830)_Frgrnd,09/15/2020,12:06:50,Frgrnd
utery_09_p1_polymer_vsechny_p_bok_d120_2021-01-08_14-38-35-MWL-Ex(750)-Em(830)_Frgrnd,01/08/2021,14:39:48,Frgrnd
utery_09_p1_polymer_vsechny_p_bok_d120_2021-01-08_14-41-39-MWL-Ex(750)-Em(830)_Frgrnd,01/08/2021,14:43:07,Frgrnd
utery_09_p1_polymer_vsechny_p_bok_d150_2021-02-05_13-55-55-MWL-Ex(750)-Em(830)_Frgrnd,02/05/2021,13:57:24,Frgrnd
utery_09_p1_polymer_vsechny_p_bok_d150_2021-02-05_13-59-02-MWL-Ex(750)-Em(830)_Frgrnd,02/05/2021,14:00:31,Frgrnd
utery_09_p1_polymer_vsechny_p_bok_d15_2020-09-23_12-19-04-MWL-Ex(750)-Em(830)_Frgrnd,09/23/2020,12:20:32,Frgrnd
utery_09_p1_polymer_vsechny_p_bok_d15_2020-09-23_12-22-55-MWL-Ex(750)-Em(830)_Frgrnd,09/23/2020,12:24:23,Frgrnd
utery_09_p1_polymer_vsechny_p_bok_d180_2021-03-11_13-37-09-MWL-Ex(750)-Em(830)_Frgrnd,03/11/2021,13:38:37,Frgrnd
utery_09_p1_polymer_vsechny_p_bok_d180_2021-03-11_13-40-18-MWL-Ex(750)-Em(830)_Frgrnd,03/11/2021,13:41:47,Frgrnd
utery_09_p1_polymer_vsechny_p_bok_d245_2021-05-13_14-35-13-MWL-Ex(750)-Em(830)_Frgrnd,05/13/2021,14:36:41,Frgrnd
utery_09_p1_polymer_vsechny_p_bok_d245_2021-05-13_14-38-38-MWL-Ex(750)-Em(830)_Frgrnd,05/13/2021,14:40:06,Frgrnd
utery_09_p1_polymer_vsechny_p_bok_d29_2020-10-07_12-51-37-MWL-Ex(750)-Em(830)_Frgrnd,10/07/2020,12:53:06,Frgrnd
utery_09_p1_polymer_vsechny_p_bok_d29_2020-10-07_12-55-58-MWL-Ex(750)-Em(830)_Frgrnd,10/07/2020,12:57:27,Frgrnd
utery_09_p1_polymer_vsechny_p_bok_d57_2020-11-03_14-52-42-MWL-Ex(750)-Em(830)_Frgrnd,11/03/2020,14:54:11,Frgrnd
utery_09_p1_polymer_vsechny_p_bok_d57_2020-11-03_14-58-42-MWL-Ex(750)-Em(830)_Frgrnd,11/03/2020,15:00:10,Frgrnd
utery_09_p1_polymer_vsechny_p_bok_d70_2020-11-17_19-08-29-MWL-Ex(750)-Em(830)_Frgrnd,11/17/2020,19:09:58,Frgrnd
utery_09_p1_polymer_vsechny_p_bok_d70_2020-11-17_19-12-40-MWL-Ex(750)-Em(830)_Frgrnd,11/17/2020,19:14:08,Frgrnd
utery_09_p1_polymer_vsechny_p_bok_d85_2020-12-04_15-25-35-MWL-Ex(750)-Em(830)_Frgrnd,12/04/2020,15:27:04,Frgrnd
utery_09_p1_polymer_vsechny_p_bok_d85_2020-12-04_15-29-46-MWL-Ex(750)-Em(830)_Frgrnd,12/04/2020,15:31:14,Frgrnd
utery_11_kontrola02_dmso_vsechny_bricho_d150_2021-02-09_13-56-41-MWL-Ex(750)-Em(830)_Frgrnd,02/09/2021,13:58:10,Frgrnd
utery_11_kontrola02_dmso_vsechny_bricho_d245_2021-05-12_13-11-25-MWL-Ex(750)-Em(830)_Frgrnd,05/12/2021,13:12:45,Frgrnd
utery_11_kontrola02_dmso_vsechny_l_bok_00h_2020-09-08_18-50-51-MWL-Ex(750)-Em(830)_Frgrnd,09/08/2020,18:52:19,Frgrnd
utery_11_kontrola02_dmso_vsechny_l_bok_05h_2020-09-08_19-40-27-MWL-Ex(750)-Em(830)_Frgrnd,09/08/2020,19:41:55,Frgrnd
utery_11_kontrola02_dmso_vsechny_l_bok_d150_2021-02-09_13-59-32-MWL-Ex(750)-Em(830)_Frgrnd,02/09/2021,14:01:00,Frgrnd
utery_11_kontrola02_dmso_vsechny_l_bok_d245_2021-05-12_13-16-56-MWL-Ex(750)-Em(830)_Frgrnd,05/12/2021,13:18:24,Frgrnd
utery_11_kontrola02_dmso_vsechny_p_bok_00h_2020-09-08_18-48-05-MWL-Ex(750)-Em(830)_Frgrnd,09/08/2020,18:49:33,Frgrnd
utery_11_kontrola02_dmso_vsechny_p_bok_05h_2020-09-08_19-37-47-MWL-Ex(750)-Em(830)_Frgrnd,09/08/2020,19:39:16,Frgrnd
utery_11_kontrola02_dmso_vsechny_p_bok_24h_2020-09-09_15-55-58-MWL-Ex(750)-Em(830)_Frgrnd,09/09/2020,15:57:27,Frgrnd
utery_11_kontrola02_dmso_vsechny_p_bok_48h_2020-09-10_10-03-19-MWL-Ex(750)-Em(830)_Frgrnd,09/10/2020,10:04:48,Frgrnd
utery_11_kontrola02_dmso_vsechny_p_bok_72h_2020-09-11_09-45-27-MWL-Ex(750)-Em(830)_Frgrnd,09/11/2020,09:47:05,Frgrnd
utery_11_kontrola02_dmso_vsechny_p_bok_d07_2020-09-15_10-12-12-MWL-Ex(750)-Em(830)_Frgrnd,09/15/2020,10:14:07,Frgrnd
utery_11_kontrola02_dmso_vsechny_p_bok_d120_2021-01-14_13-31-01-MWL-Ex(750)-Em(830)_Frgrnd,01/14/2021,13:32:56,Frgrnd
utery_11_kontrola02_dmso_vsechny_p_bok_d150_2021-02-09_14-02-15-MWL-Ex(750)-Em(830)_Frgrnd,02/09/2021,14:03:44,Frgrnd
utery_11_kontrola02_dmso_vsechny_p_bok_d15_2020-09-22_09-12-37-MWL-Ex(750)-Em(830)_Frgrnd,09/22/2020,09:14:06,Frgrnd
utery_11_kontrola02_dmso_vsechny_p_bok_d180_2021-03-11_14-11-42-MWL-Ex(750)-Em(830)_Frgrnd,03/11/2021,14:13:37,Frgrnd
utery_11_kontrola02_dmso_vsechny_p_bok_d245_2021-05-12_13-14-14-MWL-Ex(750)-Em(830)_Frgrnd,05/12/2021,13:15:42,Frgrnd
utery_11_kontrola02_dmso_vsechny_p_bok_d29_2020-10-07_11-42-15-MWL-Ex(750)-Em(830)_Frgrnd,10/07/2020,11:44:10,Frgrnd
utery_11_kontrola02_dmso_vsechny_p_bok_d57_2020-11-05_15-26-57-MWL-Ex(750)-Em(830)_Frgrnd,11/05/2020,15:28:51,Frgrnd
utery_11_kontrola02_dmso_vsechny_p_bok_d70_2020-11-16_20-33-20-MWL-Ex(750)-Em(830)_Frgrnd,11/16/2020,20:34:48,Frgrnd
utery_11_kontrola02_dmso_vsechny_p_bok_d70_2020-11-16_20-37-11-MWL-Ex(750)-Em(830)_Frgrnd,11/16/2020,20:38:42,Frgrnd
